0,000;1,000
1,000;8,000
2,000;13,000
3,000;5,000
4,000;-1,000
5,000;3,000
6,000;7,000
7,000;1,000
8,000;1,000
9,000;3,000
10,000;2,000
11,000;0,000
12,000;-2,000
13,000;-1,000
14,000;3,000
15,000;5,000
16,000;2,000
17,000;0,000
18,000;0,000
19,000;0,000
20,000;0,000
21,000;0,000
22,000;0,000
23,000;1,000
24,000;0,000
25,000;-2,000
26,000;-3,000
27,000;-3,000
28,000;-1,000
29,000;-1,000
30,000;-5,000
31,000;-3,000
32,000;1,000
33,000;0,000
34,000;-4,000
35,000;-2,000
36,000;-2,000
37,000;-3,000
38,000;-3,000
39,000;-6,000
40,000;-3,000
41,000;3,000
42,000;2,000
43,000;0,000
44,000;1,000
45,000;1,000
46,000;0,000
47,000;2,000
48,000;1,000
49,000;0,000
50,000;0,000
51,000;-2,000
52,000;-4,000
53,000;-3,000
54,000;-4,000
55,000;-6,000
56,000;-5,000
57,000;-2,000
58,000;-1,000
59,000;0,000
60,000;1,000
61,000;0,000
62,000;0,000
63,000;3,000
64,000;3,000
65,000;0,000
66,000;-4,000
67,000;-8,000
68,000;-9,000
69,000;-6,000
70,000;-4,000
71,000;-1,000
72,000;-2,000
73,000;-8,000
74,000;-5,000
75,000;-1,000
76,000;-7,000
77,000;-11,000
78,000;-8,000
79,000;-8,000
80,000;-8,000
81,000;-5,000
82,000;-1,000
83,000;-2,000
84,000;-10,000
85,000;-12,000
86,000;-13,000
87,000;-17,000
88,000;-11,000
89,000;-2,000
90,000;-5,000
91,000;-10,000
92,000;-8,000
93,000;-8,000
94,000;-9,000
95,000;-8,000
96,000;-9,000
97,000;-11,000
98,000;-9,000
99,000;-4,000
100,000;-1,000
101,000;-6,000
102,000;-8,000
103,000;-3,000
104,000;-8,000
105,000;-14,000
106,000;-8,000
107,000;-7,000
108,000;-10,000
109,000;-5,000
110,000;-7,000
111,000;-15,000
112,000;-11,000
113,000;-6,000
114,000;-11,000
115,000;-12,000
116,000;-10,000
117,000;-13,000
118,000;-15,000
119,000;-15,000
120,000;-18,000
121,000;-20,000
122,000;-15,000
123,000;-11,000
124,000;-13,000
125,000;-13,000
126,000;-14,000
127,000;-18,000
128,000;-15,000
129,000;-14,000
130,000;-18,000
131,000;-12,000
132,000;-7,000
133,000;-13,000
134,000;-15,000
135,000;-11,000
136,000;-16,000
137,000;-16,000
138,000;-10,000
139,000;-10,000
140,000;-9,000
141,000;-6,000
142,000;-12,000
143,000;-15,000
144,000;-12,000
145,000;-13,000
146,000;-17,000
147,000;-14,000
148,000;-14,000
149,000;-18,000
150,000;-16,000
151,000;-11,000
152,000;-14,000
153,000;-16,000
154,000;-15,000
155,000;-14,000
156,000;-14,000
157,000;-14,000
158,000;-15,000
159,000;-16,000
160,000;-14,000
161,000;-17,000
162,000;-25,000
163,000;-25,000
164,000;-23,000
165,000;-25,000
166,000;-25,000
167,000;-26,000
168,000;-31,000
169,000;-31,000
170,000;-27,000
171,000;-26,000
172,000;-26,000
173,000;-28,000
174,000;-33,000
175,000;-30,000
176,000;-23,000
177,000;-26,000
178,000;-31,000
179,000;-25,000
180,000;-24,000
181,000;-34,000
182,000;-32,000
183,000;-23,000
184,000;-28,000
185,000;-35,000
186,000;-35,000
187,000;-33,000
188,000;-31,000
189,000;-27,000
190,000;-28,000
191,000;-27,000
192,000;-22,000
193,000;-31,000
194,000;-42,000
195,000;-32,000
196,000;-24,000
197,000;-38,000
198,000;-43,000
199,000;-34,000
200,000;-34,000
201,000;-39,000
202,000;-33,000
203,000;-30,000
204,000;-35,000
205,000;-34,000
206,000;-27,000
207,000;-24,000
208,000;-26,000
209,000;-31,000
210,000;-32,000
211,000;-27,000
212,000;-24,000
213,000;-26,000
214,000;-24,000
215,000;-29,000
216,000;-37,000
217,000;-31,000
218,000;-22,000
219,000;-27,000
220,000;-32,000
221,000;-27,000
222,000;-25,000
223,000;-29,000
224,000;-29,000
225,000;-27,000
226,000;-27,000
227,000;-26,000
228,000;-25,000
229,000;-28,000
230,000;-32,000
231,000;-32,000
232,000;-30,000
233,000;-27,000
234,000;-29,000
235,000;-34,000
236,000;-35,000
237,000;-32,000
238,000;-33,000
239,000;-33,000
240,000;-27,000
241,000;-28,000
242,000;-35,000
243,000;-34,000
244,000;-29,000
245,000;-27,000
246,000;-24,000
247,000;-24,000
248,000;-29,000
249,000;-29,000
250,000;-24,000
251,000;-24,000
252,000;-30,000
253,000;-32,000
254,000;-29,000
255,000;-28,000
256,000;-29,000
257,000;-29,000
258,000;-28,000
259,000;-29,000
260,000;-25,000
261,000;-21,000
262,000;-26,000
263,000;-32,000
264,000;-27,000
265,000;-21,000
266,000;-24,000
267,000;-30,000
268,000;-26,000
269,000;-22,000
270,000;-24,000
271,000;-28,000
272,000;-26,000
273,000;-27,000
274,000;-30,000
275,000;-28,000
276,000;-27,000
277,000;-33,000
278,000;-36,000
279,000;-27,000
280,000;-22,000
281,000;-29,000
282,000;-28,000
283,000;-19,000
284,000;-23,000
285,000;-32,000
286,000;-29,000
287,000;-18,000
288,000;-18,000
289,000;-29,000
290,000;-35,000
291,000;-29,000
292,000;-24,000
293,000;-22,000
294,000;-23,000
295,000;-27,000
296,000;-23,000
297,000;-13,000
298,000;-20,000
299,000;-30,000
300,000;-22,000
301,000;-22,000
302,000;-37,000
303,000;-33,000
304,000;-19,000
305,000;-21,000
306,000;-27,000
307,000;-27,000
308,000;-27,000
309,000;-26,000
310,000;-20,000
311,000;-21,000
312,000;-25,000
313,000;-21,000
314,000;-17,000
315,000;-25,000
316,000;-31,000
317,000;-25,000
318,000;-22,000
319,000;-29,000
320,000;-31,000
321,000;-26,000
322,000;-27,000
323,000;-31,000
324,000;-32,000
325,000;-30,000
326,000;-26,000
327,000;-26,000
328,000;-28,000
329,000;-28,000
330,000;-27,000
331,000;-26,000
332,000;-25,000
333,000;-29,000
334,000;-34,000
335,000;-32,000
336,000;-30,000
337,000;-33,000
338,000;-34,000
339,000;-29,000
340,000;-28,000
341,000;-32,000
342,000;-31,000
343,000;-26,000
344,000;-27,000
345,000;-34,000
346,000;-33,000
347,000;-28,000
348,000;-29,000
349,000;-33,000
350,000;-31,000
351,000;-24,000
352,000;-26,000
353,000;-35,000
354,000;-37,000
355,000;-31,000
356,000;-28,000
357,000;-29,000
358,000;-31,000
359,000;-31,000
360,000;-32,000
361,000;-37,000
362,000;-37,000
363,000;-32,000
364,000;-36,000
365,000;-40,000
366,000;-33,000
367,000;-32,000
368,000;-38,000
369,000;-32,000
370,000;-27,000
371,000;-33,000
372,000;-35,000
373,000;-29,000
374,000;-30,000
375,000;-34,000
376,000;-30,000
377,000;-26,000
378,000;-31,000
379,000;-34,000
380,000;-28,000
381,000;-28,000
382,000;-29,000
383,000;-21,000
384,000;-25,000
385,000;-41,000
386,000;-39,000
387,000;-31,000
388,000;-33,000
389,000;-34,000
390,000;-28,000
391,000;-28,000
392,000;-32,000
393,000;-34,000
394,000;-36,000
395,000;-37,000
396,000;-33,000
397,000;-31,000
398,000;-34,000
399,000;-33,000
400,000;-32,000
401,000;-38,000
402,000;-40,000
403,000;-33,000
404,000;-30,000
405,000;-35,000
406,000;-36,000
407,000;-33,000
408,000;-32,000
409,000;-33,000
410,000;-31,000
411,000;-31,000
412,000;-36,000
413,000;-38,000
414,000;-31,000
415,000;-28,000
416,000;-32,000
417,000;-36,000
418,000;-34,000
419,000;-29,000
420,000;-28,000
421,000;-30,000
422,000;-32,000
423,000;-30,000
424,000;-28,000
425,000;-30,000
426,000;-33,000
427,000;-32,000
428,000;-30,000
429,000;-31,000
430,000;-31,000
431,000;-26,000
432,000;-24,000
433,000;-26,000
434,000;-22,000
435,000;-21,000
436,000;-30,000
437,000;-36,000
438,000;-31,000
439,000;-28,000
440,000;-30,000
441,000;-31,000
442,000;-29,000
443,000;-24,000
444,000;-21,000
445,000;-25,000
446,000;-26,000
447,000;-24,000
448,000;-27,000
449,000;-27,000
450,000;-20,000
451,000;-19,000
452,000;-26,000
453,000;-25,000
454,000;-25,000
455,000;-30,000
456,000;-28,000
457,000;-21,000
458,000;-22,000
459,000;-22,000
460,000;-21,000
461,000;-24,000
462,000;-24,000
463,000;-22,000
464,000;-25,000
465,000;-29,000
466,000;-26,000
467,000;-21,000
468,000;-23,000
469,000;-28,000
470,000;-24,000
471,000;-15,000
472,000;-18,000
473,000;-23,000
474,000;-21,000
475,000;-22,000
476,000;-24,000
477,000;-20,000
478,000;-15,000
479,000;-15,000
480,000;-19,000
481,000;-19,000
482,000;-17,000
483,000;-17,000
484,000;-14,000
485,000;-8,000
486,000;-12,000
487,000;-21,000
488,000;-11,000
489,000;-9,000
490,000;-25,000
491,000;-27,000
492,000;-13,000
493,000;-15,000
494,000;-24,000
495,000;-25,000
496,000;-21,000
497,000;-14,000
498,000;-14,000
499,000;-23,000
500,000;-26,000
501,000;-20,000
502,000;-19,000
503,000;-24,000
504,000;-25,000
505,000;-19,000
506,000;-16,000
507,000;-21,000
508,000;-23,000
509,000;-19,000
510,000;-17,000
511,000;-18,000
512,000;-19,000
513,000;-23,000
514,000;-25,000
515,000;-21,000
516,000;-18,000
517,000;-19,000
518,000;-20,000
519,000;-22,000
520,000;-25,000
521,000;-24,000
522,000;-20,000
523,000;-17,000
524,000;-19,000
525,000;-20,000
526,000;-16,000
527,000;-14,000
528,000;-19,000
529,000;-24,000
530,000;-19,000
531,000;-16,000
532,000;-19,000
533,000;-17,000
534,000;-17,000
535,000;-21,000
536,000;-17,000
537,000;-16,000
538,000;-22,000
539,000;-18,000
540,000;-13,000
541,000;-25,000
542,000;-29,000
543,000;-16,000
544,000;-12,000
545,000;-18,000
546,000;-18,000
547,000;-17,000
548,000;-19,000
549,000;-16,000
550,000;-14,000
551,000;-11,000
552,000;-8,000
553,000;-14,000
554,000;-28,000
555,000;-31,000
556,000;-16,000
557,000;-11,000
558,000;-20,000
559,000;-19,000
560,000;-13,000
561,000;-17,000
562,000;-22,000
563,000;-19,000
564,000;-15,000
565,000;-16,000
566,000;-20,000
567,000;-21,000
568,000;-19,000
569,000;-17,000
570,000;-20,000
571,000;-22,000
572,000;-20,000
573,000;-15,000
574,000;-17,000
575,000;-23,000
576,000;-22,000
577,000;-16,000
578,000;-16,000
579,000;-16,000
580,000;-13,000
581,000;-13,000
582,000;-17,000
583,000;-18,000
584,000;-18,000
585,000;-16,000
586,000;-13,000
587,000;-13,000
588,000;-17,000
589,000;-16,000
590,000;-13,000
591,000;-16,000
592,000;-18,000
593,000;-13,000
594,000;-12,000
595,000;-19,000
596,000;-20,000
597,000;-13,000
598,000;-13,000
599,000;-16,000
600,000;-14,000
601,000;-14,000
602,000;-21,000
603,000;-21,000
604,000;-14,000
605,000;-13,000
606,000;-15,000
607,000;-13,000
608,000;-12,000
609,000;-16,000
610,000;-17,000
611,000;-16,000
612,000;-16,000
613,000;-15,000
614,000;-13,000
615,000;-15,000
616,000;-15,000
617,000;-9,000
618,000;-7,000
619,000;-13,000
620,000;-13,000
621,000;-7,000
622,000;-7,000
623,000;-12,000
624,000;-12,000
625,000;-11,000
626,000;-11,000
627,000;-6,000
628,000;-4,000
629,000;-6,000
630,000;-6,000
631,000;-8,000
632,000;-12,000
633,000;-12,000
634,000;-8,000
635,000;-6,000
636,000;-4,000
637,000;-4,000
638,000;-7,000
639,000;-10,000
640,000;-9,000
641,000;-5,000
642,000;-5,000
643,000;-10,000
644,000;-12,000
645,000;-10,000
646,000;-6,000
647,000;-8,000
648,000;-9,000
649,000;-8,000
650,000;-4,000
651,000;0,000
652,000;0,000
653,000;0,000
654,000;0,000
655,000;-4,000
656,000;-4,000
657,000;3,000
658,000;2,000
659,000;-5,000
660,000;-4,000
661,000;-3,000
662,000;-6,000
663,000;-3,000
664,000;-1,000
665,000;-2,000
666,000;0,000
667,000;0,000
668,000;0,000
669,000;3,000
670,000;2,000
671,000;0,000
672,000;1,000
673,000;3,000
674,000;1,000
675,000;-1,000
676,000;0,000
677,000;1,000
678,000;-1,000
679,000;-1,000
680,000;0,000
681,000;-1,000
682,000;0,000
683,000;4,000
684,000;0,000
685,000;-4,000
686,000;-3,000
687,000;0,000
688,000;-1,000
689,000;-5,000
690,000;0,000
691,000;6,000
692,000;3,000
693,000;2,000
694,000;4,000
695,000;1,000
696,000;1,000
697,000;4,000
698,000;1,000
699,000;0,000
700,000;5,000
701,000;3,000
702,000;0,000
703,000;5,000
704,000;7,000
705,000;6,000
706,000;9,000
707,000;12,000
708,000;13,000
709,000;7,000
710,000;0,000
711,000;5,000
712,000;12,000
713,000;6,000
714,000;2,000
715,000;4,000
716,000;3,000
717,000;1,000
718,000;5,000
719,000;8,000
720,000;8,000
721,000;8,000
722,000;9,000
723,000;9,000
724,000;11,000
725,000;10,000
726,000;2,000
727,000;3,000
728,000;10,000
729,000;5,000
730,000;-1,000
731,000;4,000
732,000;7,000
733,000;4,000
734,000;7,000
735,000;8,000
736,000;4,000
737,000;5,000
738,000;10,000
739,000;5,000
740,000;0,000
741,000;5,000
742,000;10,000
743,000;7,000
744,000;3,000
745,000;4,000
746,000;4,000
747,000;4,000
748,000;6,000
749,000;5,000
750,000;7,000
751,000;10,000
752,000;6,000
753,000;5,000
754,000;9,000
755,000;10,000
756,000;11,000
757,000;12,000
758,000;5,000
759,000;4,000
760,000;9,000
761,000;9,000
762,000;10,000
763,000;15,000
764,000;10,000
765,000;7,000
766,000;14,000
767,000;13,000
768,000;8,000
769,000;11,000
770,000;15,000
771,000;14,000
772,000;15,000
773,000;14,000
774,000;11,000
775,000;12,000
776,000;15,000
777,000;16,000
778,000;16,000
779,000;16,000
780,000;16,000
781,000;14,000
782,000;12,000
783,000;13,000
784,000;17,000
785,000;21,000
786,000;17,000
787,000;12,000
788,000;16,000
789,000;21,000
790,000;24,000
791,000;24,000
792,000;20,000
793,000;23,000
794,000;30,000
795,000;25,000
796,000;17,000
797,000;19,000
798,000;22,000
799,000;20,000
800,000;20,000
801,000;20,000
802,000;18,000
803,000;21,000
804,000;25,000
805,000;22,000
806,000;21,000
807,000;21,000
808,000;20,000
809,000;21,000
810,000;25,000
811,000;24,000
812,000;21,000
813,000;22,000
814,000;21,000
815,000;19,000
816,000;20,000
817,000;23,000
818,000;26,000
819,000;24,000
820,000;23,000
821,000;26,000
822,000;27,000
823,000;26,000
824,000;27,000
825,000;28,000
826,000;25,000
827,000;23,000
828,000;26,000
829,000;33,000
830,000;36,000
831,000;35,000
832,000;30,000
833,000;25,000
834,000;28,000
835,000;32,000
836,000;29,000
837,000;30,000
838,000;35,000
839,000;35,000
840,000;34,000
841,000;37,000
842,000;35,000
843,000;32,000
844,000;36,000
845,000;41,000
846,000;37,000
847,000;33,000
848,000;34,000
849,000;32,000
850,000;27,000
851,000;31,000
852,000;33,000
853,000;28,000
854,000;30,000
855,000;37,000
856,000;36,000
857,000;35,000
858,000;38,000
859,000;38,000
860,000;31,000
861,000;27,000
862,000;33,000
863,000;37,000
864,000;31,000
865,000;29,000
866,000;33,000
867,000;32,000
868,000;33,000
869,000;39,000
870,000;36,000
871,000;32,000
872,000;34,000
873,000;35,000
874,000;35,000
875,000;35,000
876,000;35,000
877,000;36,000
878,000;35,000
879,000;31,000
880,000;31,000
881,000;32,000
882,000;29,000
883,000;26,000
884,000;26,000
885,000;32,000
886,000;35,000
887,000;33,000
888,000;31,000
889,000;34,000
890,000;35,000
891,000;31,000
892,000;28,000
893,000;31,000
894,000;35,000
895,000;36,000
896,000;39,000
897,000;37,000
898,000;33,000
899,000;34,000
900,000;38,000
901,000;35,000
902,000;31,000
903,000;33,000
904,000;33,000
905,000;30,000
906,000;31,000
907,000;35,000
908,000;34,000
909,000;33,000
910,000;34,000
911,000;36,000
912,000;37,000
913,000;37,000
914,000;37,000
915,000;37,000
916,000;37,000
917,000;38,000
918,000;36,000
919,000;35,000
920,000;33,000
921,000;27,000
922,000;27,000
923,000;33,000
924,000;37,000
925,000;36,000
926,000;36,000
927,000;36,000
928,000;32,000
929,000;31,000
930,000;32,000
931,000;30,000
932,000;28,000
933,000;27,000
934,000;27,000
935,000;35,000
936,000;42,000
937,000;35,000
938,000;29,000
939,000;35,000
940,000;37,000
941,000;36,000
942,000;39,000
943,000;37,000
944,000;31,000
945,000;32,000
946,000;34,000
947,000;36,000
948,000;39,000
949,000;40,000
950,000;38,000
951,000;36,000
952,000;33,000
953,000;32,000
954,000;39,000
955,000;43,000
956,000;37,000
957,000;37,000
958,000;41,000
959,000;38,000
960,000;35,000
961,000;37,000
962,000;38,000
963,000;37,000
964,000;39,000
965,000;39,000
966,000;37,000
967,000;36,000
968,000;38,000
969,000;43,000
970,000;44,000
971,000;38,000
972,000;36,000
973,000;37,000
974,000;37,000
975,000;38,000
976,000;37,000
977,000;32,000
978,000;32,000
979,000;39,000
980,000;39,000
981,000;37,000
982,000;38,000
983,000;35,000
984,000;30,000
985,000;34,000
986,000;41,000
987,000;40,000
988,000;35,000
989,000;33,000
990,000;34,000
991,000;37,000
992,000;38,000
993,000;36,000
994,000;33,000
995,000;33,000
996,000;39,000
997,000;41,000
998,000;37,000
999,000;34,000
1000,000;29,000
1001,000;23,000
1002,000;28,000
1003,000;39,000
1004,000;38,000
1005,000;34,000
1006,000;40,000
1007,000;43,000
1008,000;36,000
1009,000;34,000
1010,000;41,000
1011,000;44,000
1012,000;40,000
1013,000;40,000
1014,000;45,000
1015,000;46,000
1016,000;48,000
1017,000;53,000
1018,000;45,000
1019,000;42,000
1020,000;57,000
1021,000;55,000
1022,000;37,000
1023,000;39,000
1024,000;47,000
1025,000;42,000
1026,000;43,000
1027,000;44,000
1028,000;37,000
1029,000;41,000
1030,000;47,000
1031,000;44,000
1032,000;44,000
1033,000;45,000
1034,000;40,000
1035,000;37,000
1036,000;42,000
1037,000;42,000
1038,000;39,000
1039,000;38,000
1040,000;41,000
1041,000;42,000
1042,000;39,000
1043,000;39,000
1044,000;43,000
1045,000;42,000
1046,000;40,000
1047,000;43,000
1048,000;38,000
1049,000;34,000
1050,000;41,000
1051,000;48,000
1052,000;45,000
1053,000;41,000
1054,000;40,000
1055,000;42,000
1056,000;44,000
1057,000;43,000
1058,000;48,000
1059,000;51,000
1060,000;43,000
1061,000;38,000
1062,000;43,000
1063,000;48,000
1064,000;45,000
1065,000;43,000
1066,000;48,000
1067,000;51,000
1068,000;48,000
1069,000;44,000
1070,000;43,000
1071,000;42,000
1072,000;38,000
1073,000;36,000
1074,000;42,000
1075,000;43,000
1076,000;38,000
1077,000;38,000
1078,000;42,000
1079,000;43,000
1080,000;43,000
1081,000;43,000
1082,000;43,000
1083,000;44,000
1084,000;44,000
1085,000;40,000
1086,000;38,000
1087,000;40,000
1088,000;40,000
1089,000;40,000
1090,000;40,000
1091,000;37,000
1092,000;37,000
1093,000;38,000
1094,000;33,000
1095,000;31,000
1096,000;35,000
1097,000;35,000
1098,000;33,000
1099,000;36,000
1100,000;34,000
1101,000;34,000
1102,000;41,000
1103,000;42,000
1104,000;37,000
1105,000;41,000
1106,000;44,000
1107,000;33,000
1108,000;24,000
1109,000;35,000
1110,000;41,000
1111,000;32,000
1112,000;30,000
1113,000;38,000
1114,000;38,000
1115,000;31,000
1116,000;32,000
1117,000;32,000
1118,000;26,000
1119,000;26,000
1120,000;32,000
1121,000;32,000
1122,000;27,000
1123,000;27,000
1124,000;29,000
1125,000;26,000
1126,000;29,000
1127,000;32,000
1128,000;26,000
1129,000;27,000
1130,000;35,000
1131,000;31,000
1132,000;27,000
1133,000;34,000
1134,000;35,000
1135,000;28,000
1136,000;28,000
1137,000;39,000
1138,000;45,000
1139,000;32,000
1140,000;24,000
1141,000;33,000
1142,000;32,000
1143,000;22,000
1144,000;27,000
1145,000;32,000
1146,000;26,000
1147,000;28,000
1148,000;33,000
1149,000;27,000
1150,000;22,000
1151,000;24,000
1152,000;26,000
1153,000;28,000
1154,000;29,000
1155,000;25,000
1156,000;22,000
1157,000;26,000
1158,000;26,000
1159,000;21,000
1160,000;19,000
1161,000;20,000
1162,000;24,000
1163,000;25,000
1164,000;23,000
1165,000;24,000
1166,000;23,000
1167,000;18,000
1168,000;20,000
1169,000;24,000
1170,000;19,000
1171,000;15,000
1172,000;23,000
1173,000;26,000
1174,000;21,000
1175,000;19,000
1176,000;19,000
1177,000;19,000
1178,000;21,000
1179,000;23,000
1180,000;23,000
1181,000;22,000
1182,000;21,000
1183,000;22,000
1184,000;24,000
1185,000;24,000
1186,000;21,000
1187,000;20,000
1188,000;25,000
1189,000;28,000
1190,000;21,000
1191,000;15,000
1192,000;19,000
1193,000;20,000
1194,000;14,000
1195,000;12,000
1196,000;15,000
1197,000;18,000
1198,000;19,000
1199,000;20,000
1200,000;18,000
1201,000;18,000
1202,000;19,000
1203,000;19,000
1204,000;18,000
1205,000;19,000
1206,000;17,000
1207,000;17,000
1208,000;19,000
1209,000;16,000
1210,000;10,000
1211,000;12,000
1212,000;11,000
1213,000;4,000
1214,000;4,000
1215,000;9,000
1216,000;9,000
1217,000;7,000
1218,000;11,000
1219,000;14,000
1220,000;7,000
1221,000;0,000
1222,000;1,000
1223,000;6,000
1224,000;1,000
1225,000;3,000
1226,000;10,000
1227,000;8,000
1228,000;7,000
1229,000;9,000
1230,000;6,000
1231,000;4,000
1232,000;3,000
1233,000;0,000
1234,000;5,000
1235,000;11,000
1236,000;9,000
1237,000;5,000
1238,000;7,000
1239,000;12,000
1240,000;14,000
1241,000;9,000
1242,000;7,000
1243,000;13,000
1244,000;5,000
1245,000;-6,000
1246,000;1,000
1247,000;6,000
1248,000;-1,000
1249,000;0,000
1250,000;7,000
1251,000;3,000
1252,000;-1,000
1253,000;1,000
1254,000;3,000
1255,000;0,000
1256,000;0,000
1257,000;-1,000
1258,000;-2,000
1259,000;1,000
1260,000;2,000
1261,000;-1,000
1262,000;2,000
1263,000;4,000
1264,000;-7,000
1265,000;-13,000
1266,000;-6,000
1267,000;-5,000
1268,000;-8,000
1269,000;-6,000
1270,000;-3,000
1271,000;-7,000
1272,000;-12,000
1273,000;-13,000
1274,000;-8,000
1275,000;-6,000
1276,000;-10,000
1277,000;-11,000
1278,000;-6,000
1279,000;-6,000
1280,000;-11,000
1281,000;-9,000
1282,000;-5,000
1283,000;-10,000
1284,000;-15,000
1285,000;-11,000
1286,000;-8,000
1287,000;-10,000
1288,000;-12,000
1289,000;-11,000
1290,000;-12,000
1291,000;-12,000
1292,000;-12,000
1293,000;-15,000
1294,000;-14,000
1295,000;-11,000
1296,000;-13,000
1297,000;-15,000
1298,000;-13,000
1299,000;-14,000
1300,000;-18,000
1301,000;-21,000
1302,000;-24,000
1303,000;-20,000
1304,000;-12,000
1305,000;-14,000
1306,000;-19,000
1307,000;-18,000
1308,000;-17,000
1309,000;-22,000
1310,000;-24,000
1311,000;-22,000
1312,000;-21,000
1313,000;-19,000
1314,000;-17,000
1315,000;-19,000
1316,000;-24,000
1317,000;-22,000
1318,000;-20,000
1319,000;-21,000
1320,000;-18,000
1321,000;-15,000
1322,000;-19,000
1323,000;-20,000
1324,000;-17,000
1325,000;-17,000
1326,000;-16,000
1327,000;-16,000
1328,000;-15,000
1329,000;-5,000
1330,000;-6,000
1331,000;-23,000
1332,000;-25,000
1333,000;-17,000
1334,000;-22,000
1335,000;-24,000
1336,000;-17,000
1337,000;-15,000
1338,000;-14,000
1339,000;-18,000
1340,000;-24,000
1341,000;-20,000
1342,000;-14,000
1343,000;-20,000
1344,000;-20,000
1345,000;-14,000
1346,000;-20,000
1347,000;-28,000
1348,000;-23,000
1349,000;-16,000
1350,000;-17,000
1351,000;-18,000
1352,000;-16,000
1353,000;-18,000
1354,000;-20,000
1355,000;-19,000
1356,000;-19,000
1357,000;-24,000
1358,000;-25,000
1359,000;-18,000
1360,000;-15,000
1361,000;-21,000
1362,000;-21,000
1363,000;-16,000
1364,000;-17,000
1365,000;-23,000
1366,000;-27,000
1367,000;-26,000
1368,000;-24,000
1369,000;-23,000
1370,000;-24,000
1371,000;-27,000
1372,000;-26,000
1373,000;-22,000
1374,000;-23,000
1375,000;-25,000
1376,000;-25,000
1377,000;-23,000
1378,000;-23,000
1379,000;-23,000
1380,000;-26,000
1381,000;-26,000
1382,000;-22,000
1383,000;-21,000
1384,000;-26,000
1385,000;-27,000
1386,000;-21,000
1387,000;-18,000
1388,000;-21,000
1389,000;-23,000
1390,000;-25,000
1391,000;-28,000
1392,000;-27,000
1393,000;-24,000
1394,000;-22,000
1395,000;-21,000
1396,000;-20,000
1397,000;-18,000
1398,000;-14,000
1399,000;-12,000
1400,000;-17,000
1401,000;-21,000
1402,000;-18,000
1403,000;-16,000
1404,000;-19,000
1405,000;-22,000
1406,000;-21,000
1407,000;-16,000
1408,000;-12,000
1409,000;-18,000
1410,000;-25,000
1411,000;-20,000
1412,000;-11,000
1413,000;-16,000
1414,000;-20,000
1415,000;-12,000
1416,000;-12,000
1417,000;-20,000
1418,000;-16,000
1419,000;-15,000
1420,000;-26,000
1421,000;-25,000
1422,000;-17,000
1423,000;-21,000
1424,000;-22,000
1425,000;-13,000
1426,000;-14,000
1427,000;-20,000
1428,000;-17,000
1429,000;-13,000
1430,000;-15,000
1431,000;-19,000
1432,000;-19,000
1433,000;-16,000
1434,000;-16,000
1435,000;-17,000
1436,000;-13,000
1437,000;-11,000
1438,000;-16,000
1439,000;-17,000
1440,000;-14,000
1441,000;-15,000
1442,000;-16,000
1443,000;-14,000
1444,000;-14,000
1445,000;-16,000
1446,000;-16,000
1447,000;-12,000
1448,000;-10,000
1449,000;-14,000
1450,000;-13,000
1451,000;-11,000
1452,000;-17,000
1453,000;-20,000
1454,000;-16,000
1455,000;-17,000
1456,000;-24,000
1457,000;-24,000
1458,000;-23,000
1459,000;-25,000
1460,000;-23,000
1461,000;-17,000
1462,000;-18,000
1463,000;-24,000
1464,000;-26,000
1465,000;-24,000
1466,000;-21,000
1467,000;-19,000
1468,000;-26,000
1469,000;-32,000
1470,000;-26,000
1471,000;-22,000
1472,000;-25,000
1473,000;-20,000
1474,000;-16,000
1475,000;-25,000
1476,000;-30,000
1477,000;-24,000
1478,000;-18,000
1479,000;-20,000
1480,000;-25,000
1481,000;-28,000
1482,000;-28,000
1483,000;-30,000
1484,000;-33,000
1485,000;-31,000
1486,000;-27,000
1487,000;-27,000
1488,000;-28,000
1489,000;-32,000
1490,000;-31,000
1491,000;-25,000
1492,000;-25,000
1493,000;-32,000
1494,000;-31,000
1495,000;-24,000
1496,000;-26,000
1497,000;-27,000
1498,000;-19,000
1499,000;-23,000
1500,000;-34,000
1501,000;-27,000
1502,000;-19,000
1503,000;-29,000
1504,000;-33,000
1505,000;-21,000
1506,000;-18,000
1507,000;-28,000
1508,000;-32,000
1509,000;-26,000
1510,000;-27,000
1511,000;-32,000
1512,000;-30,000
1513,000;-25,000
1514,000;-28,000
1515,000;-30,000
1516,000;-26,000
1517,000;-26,000
1518,000;-35,000
1519,000;-38,000
1520,000;-33,000
1521,000;-34,000
1522,000;-34,000
1523,000;-29,000
1524,000;-30,000
1525,000;-34,000
1526,000;-33,000
1527,000;-33,000
1528,000;-36,000
1529,000;-35,000
1530,000;-31,000
1531,000;-31,000
1532,000;-31,000
1533,000;-31,000
1534,000;-34,000
1535,000;-33,000
1536,000;-25,000
1537,000;-30,000
1538,000;-40,000
1539,000;-30,000
1540,000;-23,000
1541,000;-38,000
1542,000;-41,000
1543,000;-30,000
1544,000;-33,000
1545,000;-37,000
1546,000;-28,000
1547,000;-27,000
1548,000;-31,000
1549,000;-28,000
1550,000;-31,000
1551,000;-41,000
1552,000;-38,000
1553,000;-33,000
1554,000;-38,000
1555,000;-40,000
1556,000;-35,000
1557,000;-37,000
1558,000;-41,000
1559,000;-37,000
1560,000;-32,000
1561,000;-36,000
1562,000;-36,000
1563,000;-31,000
1564,000;-32,000
1565,000;-32,000
1566,000;-32,000
1567,000;-38,000
1568,000;-41,000
1569,000;-34,000
1570,000;-29,000
1571,000;-33,000
1572,000;-33,000
1573,000;-29,000
1574,000;-29,000
1575,000;-33,000
1576,000;-33,000
1577,000;-29,000
1578,000;-27,000
1579,000;-30,000
1580,000;-34,000
1581,000;-28,000
1582,000;-22,000
1583,000;-25,000
1584,000;-30,000
1585,000;-29,000
1586,000;-26,000
1587,000;-26,000
1588,000;-28,000
1589,000;-26,000
1590,000;-22,000
1591,000;-26,000
1592,000;-31,000
1593,000;-29,000
1594,000;-24,000
1595,000;-28,000
1596,000;-29,000
1597,000;-19,000
1598,000;-18,000
1599,000;-26,000
1600,000;-27,000
1601,000;-26,000
1602,000;-25,000
1603,000;-20,000
1604,000;-21,000
1605,000;-29,000
1606,000;-27,000
1607,000;-25,000
1608,000;-31,000
1609,000;-28,000
1610,000;-19,000
1611,000;-24,000
1612,000;-34,000
1613,000;-32,000
1614,000;-25,000
1615,000;-26,000
1616,000;-30,000
1617,000;-28,000
1618,000;-22,000
1619,000;-22,000
1620,000;-26,000
1621,000;-26,000
1622,000;-26,000
1623,000;-32,000
1624,000;-33,000
1625,000;-28,000
1626,000;-25,000
1627,000;-26,000
1628,000;-27,000
1629,000;-27,000
1630,000;-28,000
1631,000;-31,000
1632,000;-34,000
1633,000;-31,000
1634,000;-33,000
1635,000;-39,000
1636,000;-35,000
1637,000;-27,000
1638,000;-28,000
1639,000;-31,000
1640,000;-31,000
1641,000;-35,000
1642,000;-36,000
1643,000;-29,000
1644,000;-27,000
1645,000;-32,000
1646,000;-30,000
1647,000;-23,000
1648,000;-25,000
1649,000;-31,000
1650,000;-25,000
1651,000;-19,000
1652,000;-27,000
1653,000;-31,000
1654,000;-23,000
1655,000;-23,000
1656,000;-25,000
1657,000;-17,000
1658,000;-21,000
1659,000;-35,000
1660,000;-30,000
1661,000;-19,000
1662,000;-25,000
1663,000;-32,000
1664,000;-26,000
1665,000;-27,000
1666,000;-31,000
1667,000;-25,000
1668,000;-22,000
1669,000;-26,000
1670,000;-26,000
1671,000;-25,000
1672,000;-27,000
1673,000;-28,000
1674,000;-29,000
1675,000;-29,000
1676,000;-27,000
1677,000;-27,000
1678,000;-29,000
1679,000;-25,000
1680,000;-24,000
1681,000;-31,000
1682,000;-31,000
1683,000;-23,000
1684,000;-24,000
1685,000;-24,000
1686,000;-11,000
1687,000;-12,000
1688,000;-31,000
1689,000;-31,000
1690,000;-20,000
1691,000;-24,000
1692,000;-29,000
1693,000;-27,000
1694,000;-27,000
1695,000;-32,000
1696,000;-32,000
1697,000;-28,000
1698,000;-26,000
1699,000;-28,000
1700,000;-29,000
1701,000;-29,000
1702,000;-29,000
1703,000;-27,000
1704,000;-27,000
1705,000;-29,000
1706,000;-28,000
1707,000;-25,000
1708,000;-28,000
1709,000;-33,000
1710,000;-27,000
1711,000;-23,000
1712,000;-31,000
1713,000;-36,000
1714,000;-29,000
1715,000;-24,000
1716,000;-28,000
1717,000;-33,000
1718,000;-32,000
1719,000;-31,000
1720,000;-34,000
1721,000;-36,000
1722,000;-31,000
1723,000;-26,000
1724,000;-28,000
1725,000;-32,000
1726,000;-32,000
1727,000;-32,000
1728,000;-28,000
1729,000;-22,000
1730,000;-22,000
1731,000;-27,000
1732,000;-26,000
1733,000;-20,000
1734,000;-19,000
1735,000;-23,000
1736,000;-25,000
1737,000;-24,000
1738,000;-22,000
1739,000;-18,000
1740,000;-15,000
1741,000;-20,000
1742,000;-22,000
1743,000;-16,000
1744,000;-20,000
1745,000;-29,000
1746,000;-24,000
1747,000;-21,000
1748,000;-27,000
1749,000;-27,000
1750,000;-23,000
1751,000;-22,000
1752,000;-24,000
1753,000;-26,000
1754,000;-25,000
1755,000;-20,000
1756,000;-20,000
1757,000;-23,000
1758,000;-19,000
1759,000;-14,000
1760,000;-19,000
1761,000;-22,000
1762,000;-13,000
1763,000;-11,000
1764,000;-22,000
1765,000;-23,000
1766,000;-16,000
1767,000;-15,000
1768,000;-15,000
1769,000;-13,000
1770,000;-14,000
1771,000;-15,000
1772,000;-10,000
1773,000;-11,000
1774,000;-14,000
1775,000;-10,000
1776,000;-11,000
1777,000;-16,000
1778,000;-15,000
1779,000;-12,000
1780,000;-12,000
1781,000;-11,000
1782,000;-12,000
1783,000;-15,000
1784,000;-13,000
1785,000;-12,000
1786,000;-14,000
1787,000;-13,000
1788,000;-9,000
1789,000;-10,000
1790,000;-10,000
1791,000;-9,000
1792,000;-11,000
1793,000;-13,000
1794,000;-11,000
1795,000;-11,000
1796,000;-14,000
1797,000;-14,000
1798,000;-12,000
1799,000;-11,000
1800,000;-7,000
1801,000;-6,000
1802,000;-10,000
1803,000;-9,000
1804,000;-4,000
1805,000;-8,000
1806,000;-6,000
1807,000;1,000
1808,000;-1,000
1809,000;-1,000
1810,000;7,000
1811,000;1,000
1812,000;-8,000
1813,000;3,000
1814,000;5,000
1815,000;-10,000
1816,000;-9,000
1817,000;-1,000
1818,000;-6,000
1819,000;-9,000
1820,000;-7,000
1821,000;-7,000
1822,000;-5,000
1823,000;-5,000
1824,000;-7,000
1825,000;-2,000
1826,000;-1,000
1827,000;-9,000
1828,000;-10,000
1829,000;-5,000
1830,000;-9,000
1831,000;-15,000
1832,000;-11,000
1833,000;-6,000
1834,000;-12,000
1835,000;-14,000
1836,000;-4,000
1837,000;0,000
1838,000;-10,000
1839,000;-13,000
1840,000;-6,000
1841,000;-3,000
1842,000;-4,000
1843,000;-6,000
1844,000;-9,000
1845,000;-10,000
1846,000;-12,000
1847,000;-13,000
1848,000;-7,000
1849,000;0,000
1850,000;-4,000
1851,000;-8,000
1852,000;-4,000
1853,000;-3,000
1854,000;-7,000
1855,000;-9,000
1856,000;-8,000
1857,000;-8,000
1858,000;-11,000
1859,000;-5,000
1860,000;5,000
1861,000;4,000
1862,000;-7,000
1863,000;-10,000
1864,000;-5,000
1865,000;-3,000
1866,000;-7,000
1867,000;-8,000
1868,000;-4,000
1869,000;-4,000
1870,000;-6,000
1871,000;0,000
1872,000;3,000
1873,000;0,000
1874,000;-5,000
1875,000;-5,000
1876,000;0,000
1877,000;4,000
1878,000;0,000
1879,000;-5,000
1880,000;-3,000
1881,000;0,000
1882,000;0,000
1883,000;-2,000
1884,000;-2,000
1885,000;0,000
1886,000;2,000
1887,000;2,000
1888,000;0,000
1889,000;1,000
1890,000;7,000
1891,000;5,000
1892,000;-1,000
1893,000;2,000
1894,000;7,000
1895,000;6,000
1896,000;5,000
1897,000;7,000
1898,000;7,000
1899,000;4,000
1900,000;0,000
1901,000;0,000
1902,000;5,000
1903,000;6,000
1904,000;-1,000
1905,000;-2,000
1906,000;5,000
1907,000;6,000
1908,000;1,000
1909,000;1,000
1910,000;6,000
1911,000;8,000
1912,000;7,000
1913,000;9,000
1914,000;14,000
1915,000;14,000
1916,000;7,000
1917,000;3,000
1918,000;7,000
1919,000;5,000
1920,000;0,000
1921,000;2,000
1922,000;7,000
1923,000;10,000
1924,000;14,000
1925,000;16,000
1926,000;13,000
1927,000;12,000
1928,000;13,000
1929,000;13,000
1930,000;20,000
1931,000;25,000
1932,000;14,000
1933,000;7,000
1934,000;19,000
1935,000;16,000
1936,000;0,000
1937,000;7,000
1938,000;18,000
1939,000;11,000
1940,000;6,000
1941,000;10,000
1942,000;14,000
1943,000;15,000
1944,000;14,000
1945,000;12,000
1946,000;10,000
1947,000;11,000
1948,000;13,000
1949,000;15,000
1950,000;17,000
1951,000;15,000
1952,000;14,000
1953,000;13,000
1954,000;12,000
1955,000;11,000
1956,000;12,000
1957,000;14,000
1958,000;16,000
1959,000;16,000
1960,000;14,000
1961,000;14,000
1962,000;18,000
1963,000;17,000
1964,000;9,000
1965,000;8,000
1966,000;16,000
1967,000;18,000
1968,000;15,000
1969,000;17,000
1970,000;18,000
1971,000;12,000
1972,000;10,000
1973,000;14,000
1974,000;15,000
1975,000;17,000
1976,000;20,000
1977,000;21,000
1978,000;15,000
1979,000;9,000
1980,000;12,000
1981,000;12,000
1982,000;6,000
1983,000;10,000
1984,000;17,000
1985,000;8,000
1986,000;5,000
1987,000;16,000
1988,000;18,000
1989,000;13,000
1990,000;16,000
1991,000;20,000
1992,000;18,000
1993,000;15,000
1994,000;15,000
1995,000;19,000
1996,000;22,000
1997,000;23,000
1998,000;21,000
1999,000;17,000
2000,000;19,000
2001,000;24,000
2002,000;25,000
2003,000;22,000
2004,000;24,000
2005,000;23,000
2006,000;21,000
2007,000;24,000
2008,000;24,000
2009,000;17,000
2010,000;12,000
2011,000;16,000
2012,000;22,000
2013,000;20,000
2014,000;16,000
2015,000;14,000
2016,000;15,000
2017,000;16,000
2018,000;16,000
2019,000;14,000
2020,000;14,000
2021,000;17,000
2022,000;18,000
2023,000;16,000
2024,000;17,000
2025,000;18,000
2026,000;14,000
2027,000;12,000
2028,000;17,000
2029,000;20,000
2030,000;17,000
2031,000;18,000
2032,000;18,000
2033,000;11,000
2034,000;13,000
2035,000;20,000
2036,000;15,000
2037,000;13,000
2038,000;19,000
2039,000;16,000
2040,000;12,000
2041,000;19,000
2042,000;22,000
2043,000;18,000
2044,000;19,000
2045,000;20,000
2046,000;16,000
2047,000;15,000
2048,000;18,000
2049,000;16,000
2050,000;14,000
2051,000;17,000
2052,000;21,000
2053,000;19,000
2054,000;20,000
2055,000;24,000
2056,000;21,000
2057,000;14,000
2058,000;13,000
2059,000;16,000
2060,000;15,000
2061,000;16,000
2062,000;18,000
2063,000;20,000
2064,000;23,000
2065,000;23,000
2066,000;19,000
2067,000;24,000
2068,000;31,000
2069,000;24,000
2070,000;17,000
2071,000;24,000
2072,000;27,000
2073,000;20,000
2074,000;18,000
2075,000;23,000
2076,000;23,000
2077,000;20,000
2078,000;22,000
2079,000;25,000
2080,000;23,000
2081,000;22,000
2082,000;28,000
2083,000;31,000
2084,000;28,000
2085,000;22,000
2086,000;25,000
2087,000;32,000
2088,000;28,000
2089,000;25,000
2090,000;36,000
2091,000;34,000
2092,000;18,000
2093,000;18,000
2094,000;25,000
2095,000;23,000
2096,000;26,000
2097,000;29,000
2098,000;25,000
2099,000;28,000
2100,000;37,000
2101,000;33,000
2102,000;24,000
2103,000;30,000
2104,000;35,000
2105,000;28,000
2106,000;25,000
2107,000;32,000
2108,000;34,000
2109,000;30,000
2110,000;30,000
2111,000;30,000
2112,000;28,000
2113,000;26,000
2114,000;31,000
2115,000;37,000
2116,000;36,000
2117,000;30,000
2118,000;28,000
2119,000;29,000
2120,000;34,000
2121,000;39,000
2122,000;38,000
2123,000;37,000
2124,000;38,000
2125,000;35,000
2126,000;33,000
2127,000;36,000
2128,000;38,000
2129,000;39,000
2130,000;41,000
2131,000;41,000
2132,000;40,000
2133,000;38,000
2134,000;35,000
2135,000;36,000
2136,000;39,000
2137,000;41,000
2138,000;43,000
2139,000;38,000
2140,000;32,000
2141,000;40,000
2142,000;43,000
2143,000;33,000
2144,000;33,000
2145,000;43,000
2146,000;43,000
2147,000;39,000
2148,000;38,000
2149,000;36,000
2150,000;37,000
2151,000;44,000
2152,000;46,000
2153,000;44,000
2154,000;42,000
2155,000;42,000
2156,000;42,000
2157,000;45,000
2158,000;44,000
2159,000;39,000
2160,000;40,000
2161,000;43,000
2162,000;39,000
2163,000;38,000
2164,000;45,000
2165,000;43,000
2166,000;42,000
2167,000;45,000
2168,000;42,000
2169,000;42,000
2170,000;52,000
2171,000;49,000
2172,000;38,000
2173,000;42,000
2174,000;47,000
2175,000;43,000
2176,000;45,000
2177,000;50,000
2178,000;45,000
2179,000;38,000
2180,000;39,000
2181,000;43,000
2182,000;45,000
2183,000;41,000
2184,000;37,000
2185,000;39,000
2186,000;45,000
2187,000;47,000
2188,000;45,000
2189,000;47,000
2190,000;48,000
2191,000;48,000
2192,000;51,000
2193,000;46,000
2194,000;40,000
2195,000;46,000
2196,000;49,000
2197,000;44,000
2198,000;45,000
2199,000;47,000
2200,000;44,000
2201,000;44,000
2202,000;48,000
2203,000;45,000
2204,000;45,000
2205,000;49,000
2206,000;46,000
2207,000;42,000
2208,000;43,000
2209,000;45,000
2210,000;47,000
2211,000;49,000
2212,000;48,000
2213,000;48,000
2214,000;52,000
2215,000;51,000
2216,000;50,000
2217,000;50,000
2218,000;45,000
2219,000;42,000
2220,000;46,000
2221,000;50,000
2222,000;48,000
2223,000;46,000
2224,000;50,000
2225,000;52,000
2226,000;46,000
2227,000;44,000
2228,000;49,000
2229,000;51,000
2230,000;46,000
2231,000;42,000
2232,000;44,000
2233,000;46,000
2234,000;46,000
2235,000;43,000
2236,000;44,000
2237,000;45,000
2238,000;39,000
2239,000;34,000
2240,000;35,000
2241,000;39,000
2242,000;46,000
2243,000;48,000
2244,000;43,000
2245,000;34,000
2246,000;31,000
2247,000;37,000
2248,000;42,000
2249,000;41,000
2250,000;42,000
2251,000;42,000
2252,000;38,000
2253,000;38,000
2254,000;38,000
2255,000;39,000
2256,000;46,000
2257,000;46,000
2258,000;37,000
2259,000;41,000
2260,000;47,000
2261,000;45,000
2262,000;49,000
2263,000;46,000
2264,000;31,000
2265,000;32,000
2266,000;41,000
2267,000;38,000
2268,000;39,000
2269,000;40,000
2270,000;34,000
2271,000;33,000
2272,000;39,000
2273,000;36,000
2274,000;33,000
2275,000;38,000
2276,000;41,000
2277,000;41,000
2278,000;42,000
2279,000;37,000
2280,000;31,000
2281,000;35,000
2282,000;37,000
2283,000;31,000
2284,000;32,000
2285,000;33,000
2286,000;30,000
2287,000;33,000
2288,000;37,000
2289,000;33,000
2290,000;31,000
2291,000;34,000
2292,000;33,000
2293,000;33,000
2294,000;33,000
2295,000;31,000
2296,000;32,000
2297,000;37,000
2298,000;34,000
2299,000;29,000
2300,000;32,000
2301,000;32,000
2302,000;28,000
2303,000;27,000
2304,000;25,000
2305,000;22,000
2306,000;23,000
2307,000;27,000
2308,000;29,000
2309,000;31,000
2310,000;31,000
2311,000;28,000
2312,000;26,000
2313,000;26,000
2314,000;24,000
2315,000;23,000
2316,000;26,000
2317,000;28,000
2318,000;27,000
2319,000;26,000
2320,000;25,000
2321,000;24,000
2322,000;22,000
2323,000;21,000
2324,000;21,000
2325,000;22,000
2326,000;24,000
2327,000;26,000
2328,000;29,000
2329,000;28,000
2330,000;21,000
2331,000;20,000
2332,000;31,000
2333,000;27,000
2334,000;12,000
2335,000;15,000
2336,000;24,000
2337,000;19,000
2338,000;17,000
2339,000;21,000
2340,000;22,000
2341,000;22,000
2342,000;20,000
2343,000;17,000
2344,000;18,000
2345,000;18,000
2346,000;13,000
2347,000;14,000
2348,000;18,000
2349,000;15,000
2350,000;15,000
2351,000;18,000
2352,000;16,000
2353,000;17,000
2354,000;19,000
2355,000;17,000
2356,000;13,000
2357,000;15,000
2358,000;14,000
2359,000;9,000
2360,000;11,000
2361,000;17,000
2362,000;16,000
2363,000;13,000
2364,000;15,000
2365,000;17,000
2366,000;17,000
2367,000;17,000
2368,000;13,000
2369,000;11,000
2370,000;16,000
2371,000;15,000
2372,000;10,000
2373,000;14,000
2374,000;18,000
2375,000;13,000
2376,000;10,000
2377,000;12,000
2378,000;10,000
2379,000;8,000
2380,000;12,000
2381,000;12,000
2382,000;10,000
2383,000;15,000
2384,000;15,000
2385,000;7,000
2386,000;6,000
2387,000;13,000
2388,000;14,000
2389,000;13,000
2390,000;13,000
2391,000;12,000
2392,000;15,000
2393,000;19,000
2394,000;15,000
2395,000;14,000
2396,000;19,000
2397,000;16,000
2398,000;14,000
2399,000;25,000
2400,000;23,000
2401,000;8,000
2402,000;11,000
2403,000;20,000
2404,000;14,000
2405,000;11,000
2406,000;17,000
2407,000;13,000
2408,000;8,000
2409,000;11,000
2410,000;12,000
2411,000;9,000
2412,000;7,000
2413,000;12,000
2414,000;13,000
2415,000;6,000
2416,000;1,000
2417,000;7,000
2418,000;13,000
2419,000;11,000
2420,000;6,000
2421,000;8,000
2422,000;12,000
2423,000;10,000
2424,000;5,000
2425,000;10,000
2426,000;17,000
2427,000;14,000
2428,000;6,000
2429,000;5,000
2430,000;6,000
2431,000;7,000
2432,000;10,000
2433,000;12,000
2434,000;12,000
2435,000;10,000
2436,000;7,000
2437,000;6,000
2438,000;7,000
2439,000;6,000
2440,000;4,000
2441,000;2,000
2442,000;7,000
2443,000;14,000
2444,000;9,000
2445,000;-1,000
2446,000;0,000
2447,000;3,000
2448,000;0,000
2449,000;6,000
2450,000;12,000
2451,000;6,000
2452,000;3,000
2453,000;5,000
2454,000;0,000
2455,000;0,000
2456,000;8,000
2457,000;6,000
2458,000;-1,000
2459,000;3,000
2460,000;8,000
2461,000;2,000
2462,000;2,000
2463,000;8,000
2464,000;5,000
2465,000;5,000
2466,000;13,000
2467,000;11,000
2468,000;6,000
2469,000;12,000
2470,000;9,000
2471,000;-1,000
2472,000;0,000
2473,000;3,000
2474,000;1,000
2475,000;0,000
2476,000;0,000
2477,000;0,000
2478,000;3,000
2479,000;4,000
2480,000;1,000
2481,000;1,000
2482,000;5,000
2483,000;3,000
2484,000;0,000
2485,000;4,000
2486,000;3,000
2487,000;-6,000
2488,000;-4,000
2489,000;3,000
2490,000;0,000
2491,000;-1,000
2492,000;2,000
2493,000;1,000
2494,000;-1,000
2495,000;0,000
2496,000;3,000
2497,000;1,000
2498,000;-4,000
2499,000;-3,000
2500,000;0,000
2501,000;-1,000
2502,000;-6,000
2503,000;-6,000
2504,000;-2,000
2505,000;-2,000
2506,000;-4,000
2507,000;-3,000
2508,000;-1,000
2509,000;0,000
2510,000;0,000
2511,000;0,000
2512,000;-3,000
2513,000;-3,000
2514,000;-1,000
2515,000;-5,000
2516,000;-5,000
2517,000;3,000
2518,000;0,000
2519,000;-7,000
2520,000;3,000
2521,000;0,000
2522,000;-17,000
2523,000;-10,000
2524,000;-1,000
2525,000;-13,000
2526,000;-15,000
2527,000;-7,000
2528,000;-11,000
2529,000;-10,000
2530,000;-3,000
2531,000;-6,000
2532,000;-8,000
2533,000;-2,000
2534,000;-6,000
2535,000;-12,000
2536,000;-6,000
2537,000;-5,000
2538,000;-15,000
2539,000;-12,000
2540,000;-3,000
2541,000;-7,000
2542,000;-15,000
2543,000;-11,000
2544,000;-6,000
2545,000;-10,000
2546,000;-14,000
2547,000;-9,000
2548,000;-5,000
2549,000;-10,000
2550,000;-13,000
2551,000;-8,000
2552,000;-7,000
2553,000;-15,000
2554,000;-17,000
2555,000;-11,000
2556,000;-11,000
2557,000;-13,000
2558,000;-11,000
2559,000;-18,000
2560,000;-26,000
2561,000;-18,000
2562,000;-11,000
2563,000;-16,000
2564,000;-16,000
2565,000;-10,000
2566,000;-13,000
2567,000;-25,000
2568,000;-25,000
2569,000;-11,000
2570,000;-8,000
2571,000;-17,000
2572,000;-18,000
2573,000;-14,000
2574,000;-19,000
2575,000;-17,000
2576,000;-8,000
2577,000;-8,000
2578,000;-13,000
2579,000;-8,000
2580,000;-6,000
2581,000;-9,000
2582,000;-11,000
2583,000;-13,000
2584,000;-12,000
2585,000;-11,000
2586,000;-11,000
2587,000;-7,000
2588,000;-5,000
2589,000;-6,000
2590,000;-7,000
2591,000;-9,000
2592,000;-12,000
2593,000;-11,000
2594,000;-14,000
2595,000;-17,000
2596,000;-11,000
2597,000;-6,000
2598,000;-13,000
2599,000;-16,000
2600,000;-8,000
2601,000;-5,000
2602,000;-9,000
2603,000;-11,000
2604,000;-11,000
2605,000;-11,000
2606,000;-10,000
2607,000;-13,000
2608,000;-15,000
2609,000;-9,000
2610,000;-4,000
2611,000;-7,000
2612,000;-8,000
2613,000;-4,000
2614,000;-5,000
2615,000;-12,000
2616,000;-12,000
2617,000;-7,000
2618,000;-1,000
2619,000;0,000
2620,000;-2,000
2621,000;-2,000
2622,000;3,000
2623,000;2,000
2624,000;-3,000
2625,000;0,000
2626,000;2,000
2627,000;-4,000
2628,000;-6,000
2629,000;1,000
2630,000;2,000
2631,000;-5,000
2632,000;-7,000
2633,000;-1,000
2634,000;-2,000
2635,000;-6,000
2636,000;0,000
2637,000;6,000
2638,000;0,000
2639,000;-6,000
2640,000;0,000
2641,000;4,000
2642,000;-1,000
2643,000;-4,000
2644,000;-1,000
2645,000;0,000
2646,000;0,000
2647,000;-3,000
2648,000;-6,000
2649,000;-7,000
2650,000;-6,000
2651,000;-7,000
2652,000;-11,000
2653,000;-10,000
2654,000;-7,000
2655,000;-11,000
2656,000;-15,000
2657,000;-9,000
2658,000;-10,000
2659,000;-22,000
2660,000;-27,000
2661,000;-17,000
2662,000;-10,000
2663,000;-15,000
2664,000;-19,000
2665,000;-18,000
2666,000;-22,000
2667,000;-28,000
2668,000;-27,000
2669,000;-25,000
2670,000;-26,000
2671,000;-28,000
2672,000;-28,000
2673,000;-26,000
2674,000;-22,000
2675,000;-18,000
2676,000;-21,000
2677,000;-31,000
2678,000;-32,000
2679,000;-26,000
2680,000;-32,000
2681,000;-38,000
2682,000;-34,000
2683,000;-31,000
2684,000;-34,000
2685,000;-29,000
2686,000;-23,000
2687,000;-30,000
2688,000;-37,000
2689,000;-35,000
2690,000;-34,000
2691,000;-36,000
2692,000;-32,000
2693,000;-31,000
2694,000;-35,000
2695,000;-35,000
2696,000;-35,000
2697,000;-40,000
2698,000;-41,000
2699,000;-39,000
2700,000;-42,000
2701,000;-45,000
2702,000;-44,000
2703,000;-39,000
2704,000;-36,000
2705,000;-41,000
2706,000;-46,000
2707,000;-48,000
2708,000;-52,000
2709,000;-51,000
2710,000;-44,000
2711,000;-46,000
2712,000;-48,000
2713,000;-44,000
2714,000;-45,000
2715,000;-47,000
2716,000;-43,000
2717,000;-47,000
2718,000;-51,000
2719,000;-47,000
2720,000;-41,000
2721,000;-44,000
2722,000;-48,000
2723,000;-44,000
2724,000;-41,000
2725,000;-47,000
2726,000;-49,000
2727,000;-45,000
2728,000;-48,000
2729,000;-54,000
2730,000;-51,000
2731,000;-49,000
2732,000;-53,000
2733,000;-52,000
2734,000;-49,000
2735,000;-52,000
2736,000;-55,000
2737,000;-54,000
2738,000;-52,000
2739,000;-47,000
2740,000;-47,000
2741,000;-54,000
2742,000;-54,000
2743,000;-50,000
2744,000;-52,000
2745,000;-52,000
2746,000;-47,000
2747,000;-47,000
2748,000;-49,000
2749,000;-46,000
2750,000;-45,000
2751,000;-49,000
2752,000;-50,000
2753,000;-49,000
2754,000;-51,000
2755,000;-50,000
2756,000;-44,000
2757,000;-47,000
2758,000;-52,000
2759,000;-47,000
2760,000;-47,000
2761,000;-52,000
2762,000;-47,000
2763,000;-45,000
2764,000;-55,000
2765,000;-58,000
2766,000;-54,000
2767,000;-50,000
2768,000;-44,000
2769,000;-43,000
2770,000;-49,000
2771,000;-49,000
2772,000;-44,000
2773,000;-45,000
2774,000;-45,000
2775,000;-41,000
2776,000;-45,000
2777,000;-50,000
2778,000;-45,000
2779,000;-42,000
2780,000;-44,000
2781,000;-41,000
2782,000;-41,000
2783,000;-44,000
2784,000;-40,000
2785,000;-36,000
2786,000;-40,000
2787,000;-42,000
2788,000;-42,000
2789,000;-40,000
2790,000;-37,000
2791,000;-37,000
2792,000;-42,000
2793,000;-49,000
2794,000;-49,000
2795,000;-35,000
2796,000;-26,000
2797,000;-38,000
2798,000;-44,000
2799,000;-34,000
2800,000;-34,000
2801,000;-38,000
2802,000;-34,000
2803,000;-29,000
2804,000;-30,000
2805,000;-31,000
2806,000;-28,000
2807,000;-25,000
2808,000;-32,000
2809,000;-39,000
2810,000;-30,000
2811,000;-21,000
2812,000;-22,000
2813,000;-22,000
2814,000;-26,000
2815,000;-33,000
2816,000;-25,000
2817,000;-20,000
2818,000;-30,000
2819,000;-31,000
2820,000;-23,000
2821,000;-25,000
2822,000;-27,000
2823,000;-26,000
2824,000;-25,000
2825,000;-24,000
2826,000;-26,000
2827,000;-25,000
2828,000;-17,000
2829,000;-15,000
2830,000;-23,000
2831,000;-27,000
2832,000;-24,000
2833,000;-27,000
2834,000;-29,000
2835,000;-20,000
2836,000;-14,000
2837,000;-23,000
2838,000;-32,000
2839,000;-26,000
2840,000;-19,000
2841,000;-23,000
2842,000;-27,000
2843,000;-23,000
2844,000;-22,000
2845,000;-26,000
2846,000;-28,000
2847,000;-23,000
2848,000;-17,000
2849,000;-19,000
2850,000;-25,000
2851,000;-26,000
2852,000;-19,000
2853,000;-18,000
2854,000;-26,000
2855,000;-33,000
2856,000;-27,000
2857,000;-16,000
2858,000;-14,000
2859,000;-20,000
2860,000;-29,000
2861,000;-34,000
2862,000;-28,000
2863,000;-16,000
2864,000;-13,000
2865,000;-20,000
2866,000;-23,000
2867,000;-20,000
2868,000;-24,000
2869,000;-28,000
2870,000;-26,000
2871,000;-23,000
2872,000;-21,000
2873,000;-18,000
2874,000;-19,000
2875,000;-22,000
2876,000;-21,000
2877,000;-21,000
2878,000;-23,000
2879,000;-19,000
2880,000;-11,000
2881,000;-13,000
2882,000;-19,000
2883,000;-17,000
2884,000;-20,000
2885,000;-28,000
2886,000;-24,000
2887,000;-20,000
2888,000;-26,000
2889,000;-27,000
2890,000;-19,000
2891,000;-20,000
2892,000;-26,000
2893,000;-28,000
2894,000;-26,000
2895,000;-23,000
2896,000;-20,000
2897,000;-23,000
2898,000;-27,000
2899,000;-28,000
2900,000;-29,000
2901,000;-26,000
2902,000;-22,000
2903,000;-23,000
2904,000;-29,000
2905,000;-31,000
2906,000;-29,000
2907,000;-24,000
2908,000;-20,000
2909,000;-21,000
2910,000;-25,000
2911,000;-24,000
2912,000;-21,000
2913,000;-22,000
2914,000;-23,000
2915,000;-22,000
2916,000;-26,000
2917,000;-28,000
2918,000;-22,000
2919,000;-20,000
2920,000;-27,000
2921,000;-27,000
2922,000;-21,000
2923,000;-24,000
2924,000;-29,000
2925,000;-27,000
2926,000;-28,000
2927,000;-27,000
2928,000;-22,000
2929,000;-22,000
2930,000;-26,000
2931,000;-28,000
2932,000;-28,000
2933,000;-26,000
2934,000;-23,000
2935,000;-25,000
2936,000;-30,000
2937,000;-28,000
2938,000;-23,000
2939,000;-23,000
2940,000;-27,000
2941,000;-30,000
2942,000;-27,000
2943,000;-23,000
2944,000;-22,000
2945,000;-24,000
2946,000;-25,000
2947,000;-26,000
2948,000;-31,000
2949,000;-29,000
2950,000;-17,000
2951,000;-19,000
2952,000;-27,000
2953,000;-17,000
2954,000;-18,000
2955,000;-35,000
2956,000;-34,000
2957,000;-21,000
2958,000;-26,000
2959,000;-34,000
2960,000;-29,000
2961,000;-24,000
2962,000;-25,000
2963,000;-26,000
2964,000;-27,000
2965,000;-29,000
2966,000;-28,000
2967,000;-28,000
2968,000;-32,000
2969,000;-33,000
2970,000;-29,000
2971,000;-25,000
2972,000;-26,000
2973,000;-32,000
2974,000;-34,000
2975,000;-26,000
2976,000;-23,000
2977,000;-28,000
2978,000;-27,000
2979,000;-19,000
2980,000;-16,000
2981,000;-23,000
2982,000;-27,000
2983,000;-26,000
2984,000;-25,000
2985,000;-23,000
2986,000;-25,000
2987,000;-29,000
2988,000;-27,000
2989,000;-26,000
2990,000;-30,000
2991,000;-30,000
2992,000;-26,000
2993,000;-29,000
2994,000;-32,000
2995,000;-27,000
2996,000;-24,000
2997,000;-29,000
2998,000;-30,000
2999,000;-26,000
3000,000;-21,000
3001,000;-22,000
3002,000;-29,000
3003,000;-32,000
3004,000;-25,000
3005,000;-20,000
3006,000;-24,000
3007,000;-29,000
3008,000;-28,000
3009,000;-24,000
3010,000;-23,000
3011,000;-24,000
3012,000;-25,000
3013,000;-25,000
3014,000;-25,000
3015,000;-18,000
3016,000;-8,000
3017,000;-10,000
3018,000;-21,000
3019,000;-24,000
3020,000;-22,000
3021,000;-21,000
3022,000;-20,000
3023,000;-15,000
3024,000;-12,000
3025,000;-13,000
3026,000;-15,000
3027,000;-15,000
3028,000;-12,000
3029,000;-9,000
3030,000;-8,000
3031,000;-12,000
3032,000;-17,000
3033,000;-15,000
3034,000;-10,000
3035,000;-6,000
3036,000;-4,000
3037,000;-12,000
3038,000;-22,000
3039,000;-17,000
3040,000;-11,000
3041,000;-16,000
3042,000;-19,000
3043,000;-16,000
3044,000;-16,000
3045,000;-17,000
3046,000;-16,000
3047,000;-14,000
3048,000;-14,000
3049,000;-15,000
3050,000;-15,000
3051,000;-16,000
3052,000;-14,000
3053,000;-8,000
3054,000;-6,000
3055,000;-11,000
3056,000;-17,000
3057,000;-15,000
3058,000;-8,000
3059,000;-9,000
3060,000;-13,000
3061,000;-10,000
3062,000;-5,000
3063,000;-8,000
3064,000;-9,000
3065,000;-4,000
3066,000;-5,000
3067,000;-9,000
3068,000;-7,000
3069,000;-3,000
3070,000;-2,000
3071,000;-1,000
3072,000;-3,000
3073,000;-5,000
3074,000;-3,000
3075,000;-8,000
3076,000;-13,000
3077,000;-7,000
3078,000;-2,000
3079,000;-5,000
3080,000;-8,000
3081,000;-3,000
3082,000;1,000
3083,000;-1,000
3084,000;-5,000
3085,000;-2,000
3086,000;-1,000
3087,000;-8,000
3088,000;-3,000
3089,000;6,000
3090,000;0,000
3091,000;-5,000
3092,000;2,000
3093,000;0,000
3094,000;-4,000
3095,000;2,000
3096,000;4,000
3097,000;-2,000
3098,000;1,000
3099,000;10,000
3100,000;4,000
3101,000;-4,000
3102,000;-3,000
3103,000;0,000
3104,000;-1,000
3105,000;5,000
3106,000;15,000
3107,000;6,000
3108,000;-1,000
3109,000;9,000
3110,000;8,000
3111,000;-6,000
3112,000;-3,000
3113,000;2,000
3114,000;-4,000
3115,000;-7,000
3116,000;-1,000
3117,000;0,000
3118,000;-1,000
3119,000;-3,000
3120,000;-1,000
3121,000;2,000
3122,000;3,000
3123,000;-1,000
3124,000;-2,000
3125,000;4,000
3126,000;5,000
3127,000;-2,000
3128,000;-2,000
3129,000;2,000
3130,000;0,000
3131,000;0,000
3132,000;3,000
3133,000;1,000
3134,000;0,000
3135,000;3,000
3136,000;1,000
3137,000;-2,000
3138,000;4,000
3139,000;4,000
3140,000;-2,000
3141,000;1,000
3142,000;4,000
3143,000;-2,000
3144,000;0,000
3145,000;4,000
3146,000;0,000
3147,000;0,000
3148,000;4,000
3149,000;0,000
3150,000;-5,000
3151,000;0,000
3152,000;2,000
3153,000;-3,000
3154,000;-5,000
3155,000;-2,000
3156,000;0,000
3157,000;2,000
3158,000;2,000
3159,000;0,000
3160,000;0,000
3161,000;0,000
3162,000;0,000
3163,000;1,000
3164,000;5,000
3165,000;1,000
3166,000;-1,000
3167,000;1,000
3168,000;0,000
3169,000;0,000
3170,000;5,000
3171,000;6,000
3172,000;0,000
3173,000;4,000
3174,000;10,000
3175,000;8,000
3176,000;9,000
3177,000;7,000
3178,000;-2,000
3179,000;-1,000
3180,000;5,000
3181,000;4,000
3182,000;0,000
3183,000;-1,000
3184,000;-1,000
3185,000;0,000
3186,000;0,000
3187,000;0,000
3188,000;0,000
3189,000;2,000
3190,000;1,000
3191,000;0,000
3192,000;0,000
3193,000;2,000
3194,000;4,000
3195,000;2,000
3196,000;3,000
3197,000;7,000
3198,000;5,000
3199,000;1,000
3200,000;6,000
3201,000;8,000
3202,000;0,000
3203,000;0,000
3204,000;11,000
3205,000;9,000
3206,000;2,000
3207,000;9,000
3208,000;16,000
3209,000;11,000
3210,000;5,000
3211,000;5,000
3212,000;4,000
3213,000;6,000
3214,000;9,000
3215,000;7,000
3216,000;8,000
3217,000;13,000
3218,000;10,000
3219,000;4,000
3220,000;5,000
3221,000;6,000
3222,000;4,000
3223,000;6,000
3224,000;11,000
3225,000;9,000
3226,000;4,000
3227,000;3,000
3228,000;10,000
3229,000;14,000
3230,000;11,000
3231,000;11,000
3232,000;16,000
3233,000;17,000
3234,000;14,000
3235,000;10,000
3236,000;6,000
3237,000;11,000
3238,000;18,000
3239,000;18,000
3240,000;15,000
3241,000;15,000
3242,000;11,000
3243,000;11,000
3244,000;17,000
3245,000;14,000
3246,000;8,000
3247,000;16,000
3248,000;23,000
3249,000;19,000
3250,000;17,000
3251,000;20,000
3252,000;21,000
3253,000;22,000
3254,000;22,000
3255,000;20,000
3256,000;18,000
3257,000;21,000
3258,000;27,000
3259,000;27,000
3260,000;22,000
3261,000;25,000
3262,000;29,000
3263,000;25,000
3264,000;20,000
3265,000;24,000
3266,000;29,000
3267,000;29,000
3268,000;24,000
3269,000;19,000
3270,000;23,000
3271,000;26,000
3272,000;21,000
3273,000;20,000
3274,000;23,000
3275,000;20,000
3276,000;22,000
3277,000;33,000
3278,000;35,000
3279,000;29,000
3280,000;25,000
3281,000;25,000
3282,000;27,000
3283,000;30,000
3284,000;29,000
3285,000;27,000
3286,000;26,000
3287,000;25,000
3288,000;24,000
3289,000;24,000
3290,000;27,000
3291,000;29,000
3292,000;27,000
3293,000;26,000
3294,000;29,000
3295,000;31,000
3296,000;30,000
3297,000;28,000
3298,000;31,000
3299,000;33,000
3300,000;30,000
3301,000;28,000
3302,000;31,000
3303,000;31,000
3304,000;26,000
3305,000;23,000
3306,000;29,000
3307,000;35,000
3308,000;36,000
3309,000;37,000
3310,000;35,000
3311,000;28,000
3312,000;28,000
3313,000;35,000
3314,000;35,000
3315,000;31,000
3316,000;30,000
3317,000;29,000
3318,000;33,000
3319,000;36,000
3320,000;34,000
3321,000;31,000
3322,000;31,000
3323,000;31,000
3324,000;30,000
3325,000;29,000
3326,000;28,000
3327,000;29,000
3328,000;28,000
3329,000;25,000
3330,000;29,000
3331,000;37,000
3332,000;35,000
3333,000;29,000
3334,000;31,000
3335,000;37,000
3336,000;36,000
3337,000;33,000
3338,000;35,000
3339,000;39,000
3340,000;38,000
3341,000;39,000
3342,000;44,000
3343,000;39,000
3344,000;31,000
3345,000;35,000
3346,000;40,000
3347,000;41,000
3348,000;47,000
3349,000;41,000
3350,000;31,000
3351,000;39,000
3352,000;41,000
3353,000;26,000
3354,000;29,000
3355,000;44,000
3356,000;37,000
3357,000;27,000
3358,000;34,000
3359,000;38,000
3360,000;32,000
3361,000;35,000
3362,000;42,000
3363,000;38,000
3364,000;33,000
3365,000;37,000
3366,000;39,000
3367,000;34,000
3368,000;35,000
3369,000;39,000
3370,000;35,000
3371,000;31,000
3372,000;35,000
3373,000;36,000
3374,000;34,000
3375,000;37,000
3376,000;37,000
3377,000;32,000
3378,000;38,000
3379,000;45,000
3380,000;41,000
3381,000;35,000
3382,000;39,000
3383,000;39,000
3384,000;33,000
3385,000;33,000
3386,000;37,000
3387,000;37,000
3388,000;39,000
3389,000;43,000
3390,000;42,000
3391,000;41,000
3392,000;42,000
3393,000;37,000
3394,000;33,000
3395,000;38,000
3396,000;42,000
3397,000;38,000
3398,000;40,000
3399,000;47,000
3400,000;40,000
3401,000;32,000
3402,000;38,000
3403,000;42,000
3404,000;39,000
3405,000;40,000
3406,000;39,000
3407,000;36,000
3408,000;42,000
3409,000;44,000
3410,000;38,000
3411,000;35,000
3412,000;39,000
3413,000;40,000
3414,000;44,000
3415,000;47,000
3416,000;44,000
3417,000;41,000
3418,000;45,000
3419,000;50,000
3420,000;48,000
3421,000;43,000
3422,000;41,000
3423,000;43,000
3424,000;45,000
3425,000;47,000
3426,000;47,000
3427,000;46,000
3428,000;44,000
3429,000;40,000
3430,000;43,000
3431,000;48,000
3432,000;45,000
3433,000;48,000
3434,000;56,000
3435,000;47,000
3436,000;38,000
3437,000;48,000
3438,000;49,000
3439,000;38,000
3440,000;41,000
3441,000;45,000
3442,000;38,000
3443,000;41,000
3444,000;48,000
3445,000;46,000
3446,000;44,000
3447,000;44,000
3448,000;43,000
3449,000;42,000
3450,000;44,000
3451,000;47,000
3452,000;48,000
3453,000;46,000
3454,000;45,000
3455,000;47,000
3456,000;43,000
3457,000;42,000
3458,000;48,000
3459,000;45,000
3460,000;39,000
3461,000;44,000
3462,000;46,000
3463,000;40,000
3464,000;39,000
3465,000;43,000
3466,000;45,000
3467,000;44,000
3468,000;46,000
3469,000;49,000
3470,000;46,000
3471,000;42,000
3472,000;44,000
3473,000;44,000
3474,000;40,000
3475,000;39,000
3476,000;40,000
3477,000;41,000
3478,000;44,000
3479,000;43,000
3480,000;39,000
3481,000;41,000
3482,000;44,000
3483,000;40,000
3484,000;39,000
3485,000;45,000
3486,000;43,000
3487,000;33,000
3488,000;35,000
3489,000;42,000
3490,000;38,000
3491,000;33,000
3492,000;39,000
3493,000;45,000
3494,000;43,000
3495,000;39,000
3496,000;37,000
3497,000;37,000
3498,000;39,000
3499,000;42,000
3500,000;43,000
3501,000;42,000
3502,000;40,000
3503,000;35,000
3504,000;33,000
3505,000;38,000
3506,000;43,000
3507,000;38,000
3508,000;33,000
3509,000;38,000
3510,000;40,000
3511,000;37,000
3512,000;38,000
3513,000;43,000
3514,000;43,000
3515,000;41,000
3516,000;42,000
3517,000;42,000
3518,000;38,000
3519,000;32,000
3520,000;31,000
3521,000;34,000
3522,000;35,000
3523,000;32,000
3524,000;33,000
3525,000;38,000
3526,000;36,000
3527,000;31,000
3528,000;30,000
3529,000;33,000
3530,000;36,000
3531,000;36,000
3532,000;33,000
3533,000;32,000
3534,000;35,000
3535,000;38,000
3536,000;38,000
3537,000;35,000
3538,000;31,000
3539,000;30,000
3540,000;32,000
3541,000;34,000
3542,000;33,000
3543,000;31,000
3544,000;31,000
3545,000;33,000
3546,000;32,000
3547,000;29,000
3548,000;31,000
3549,000;32,000
3550,000;29,000
3551,000;28,000
3552,000;29,000
3553,000;30,000
3554,000;29,000
3555,000;28,000
3556,000;31,000
3557,000;36,000
3558,000;33,000
3559,000;29,000
3560,000;31,000
3561,000;32,000
3562,000;30,000
3563,000;30,000
3564,000;31,000
3565,000;30,000
3566,000;33,000
3567,000;33,000
3568,000;28,000
3569,000;22,000
3570,000;22,000
3571,000;26,000
3572,000;26,000
3573,000;25,000
3574,000;28,000
3575,000;28,000
3576,000;26,000
3577,000;29,000
3578,000;34,000
3579,000;32,000
3580,000;27,000
3581,000;28,000
3582,000;35,000
3583,000;33,000
3584,000;24,000
3585,000;26,000
3586,000;31,000
3587,000;30,000
3588,000;31,000
3589,000;32,000
3590,000;27,000
3591,000;22,000
3592,000;25,000
3593,000;27,000
3594,000;28,000
3595,000;30,000
3596,000;29,000
3597,000;23,000
3598,000;20,000
3599,000;21,000
3600,000;21,000
3601,000;20,000
3602,000;21,000
3603,000;23,000
3604,000;24,000
3605,000;20,000
3606,000;17,000
3607,000;22,000
3608,000;23,000
3609,000;16,000
3610,000;17,000
3611,000;24,000
3612,000;24,000
3613,000;20,000
3614,000;18,000
3615,000;18,000
3616,000;21,000
3617,000;22,000
3618,000;22,000
3619,000;24,000
3620,000;23,000
3621,000;19,000
3622,000;17,000
3623,000;17,000
3624,000;15,000
3625,000;16,000
3626,000;20,000
3627,000;18,000
3628,000;14,000
3629,000;20,000
3630,000;22,000
3631,000;13,000
3632,000;11,000
3633,000;20,000
3634,000;22,000
3635,000;19,000
3636,000;19,000
3637,000;20,000
3638,000;20,000
3639,000;21,000
3640,000;23,000
3641,000;23,000
3642,000;21,000
3643,000;18,000
3644,000;17,000
3645,000;16,000
3646,000;17,000
3647,000;21,000
3648,000;20,000
3649,000;17,000
3650,000;18,000
3651,000;20,000
3652,000;19,000
3653,000;16,000
3654,000;16,000
3655,000;21,000
3656,000;24,000
3657,000;20,000
3658,000;14,000
3659,000;14,000
3660,000;16,000
3661,000;17,000
3662,000;16,000
3663,000;16,000
3664,000;14,000
3665,000;14,000
3666,000;22,000
3667,000;23,000
3668,000;14,000
3669,000;12,000
3670,000;18,000
3671,000;18,000
3672,000;20,000
3673,000;25,000
3674,000;20,000
3675,000;18,000
3676,000;24,000
3677,000;18,000
3678,000;8,000
3679,000;15,000
3680,000;15,000
3681,000;6,000
3682,000;13,000
3683,000;19,000
3684,000;11,000
3685,000;7,000
3686,000;13,000
3687,000;13,000
3688,000;10,000
3689,000;13,000
3690,000;14,000
3691,000;13,000
3692,000;14,000
3693,000;14,000
3694,000;13,000
3695,000;13,000
3696,000;8,000
3697,000;5,000
3698,000;10,000
3699,000;12,000
3700,000;12,000
3701,000;15,000
3702,000;16,000
3703,000;11,000
3704,000;9,000
3705,000;12,000
3706,000;16,000
3707,000;18,000
3708,000;19,000
3709,000;18,000
3710,000;17,000
3711,000;13,000
3712,000;8,000
3713,000;10,000
3714,000;13,000
3715,000;12,000
3716,000;12,000
3717,000;17,000
3718,000;16,000
3719,000;12,000
3720,000;12,000
3721,000;12,000
3722,000;10,000
3723,000;10,000
3724,000;10,000
3725,000;11,000
3726,000;17,000
3727,000;19,000
3728,000;14,000
3729,000;6,000
3730,000;5,000
3731,000;9,000
3732,000;12,000
3733,000;13,000
3734,000;15,000
3735,000;15,000
3736,000;14,000
3737,000;15,000
3738,000;15,000
3739,000;14,000
3740,000;14,000
3741,000;15,000
3742,000;18,000
3743,000;22,000
3744,000;14,000
3745,000;4,000
3746,000;12,000
3747,000;19,000
3748,000;12,000
3749,000;11,000
3750,000;12,000
3751,000;6,000
3752,000;9,000
3753,000;15,000
3754,000;8,000
3755,000;4,000
3756,000;11,000
3757,000;12,000
3758,000;7,000
3759,000;8,000
3760,000;12,000
3761,000;9,000
3762,000;9,000
3763,000;12,000
3764,000;8,000
3765,000;4,000
3766,000;8,000
3767,000;7,000
3768,000;1,000
3769,000;5,000
3770,000;13,000
3771,000;11,000
3772,000;6,000
3773,000;7,000
3774,000;9,000
3775,000;4,000
3776,000;0,000
3777,000;1,000
3778,000;3,000
3779,000;3,000
3780,000;2,000
3781,000;5,000
3782,000;4,000
3783,000;-2,000
3784,000;-2,000
3785,000;1,000
3786,000;0,000
3787,000;0,000
3788,000;4,000
3789,000;3,000
3790,000;-1,000
3791,000;0,000
3792,000;2,000
3793,000;0,000
3794,000;2,000
3795,000;5,000
3796,000;1,000
3797,000;-5,000
3798,000;-6,000
3799,000;-7,000
3800,000;-9,000
3801,000;-9,000
3802,000;-6,000
3803,000;-8,000
3804,000;-9,000
3805,000;-8,000
3806,000;-10,000
3807,000;-14,000
3808,000;-11,000
3809,000;-10,000
3810,000;-16,000
3811,000;-14,000
3812,000;-9,000
3813,000;-13,000
3814,000;-14,000
3815,000;-13,000
3816,000;-20,000
3817,000;-18,000
3818,000;-6,000
3819,000;-8,000
3820,000;-12,000
3821,000;-7,000
3822,000;-8,000
3823,000;-14,000
3824,000;-12,000
3825,000;-8,000
3826,000;-10,000
3827,000;-12,000
3828,000;-8,000
3829,000;-6,000
3830,000;-13,000
3831,000;-13,000
3832,000;-5,000
3833,000;-9,000
3834,000;-18,000
3835,000;-11,000
3836,000;-9,000
3837,000;-18,000
3838,000;-17,000
3839,000;-10,000
3840,000;-15,000
3841,000;-23,000
3842,000;-24,000
3843,000;-23,000
3844,000;-22,000
3845,000;-19,000
3846,000;-20,000
3847,000;-25,000
3848,000;-27,000
3849,000;-20,000
3850,000;-16,000
3851,000;-23,000
3852,000;-28,000
3853,000;-22,000
3854,000;-17,000
3855,000;-23,000
3856,000;-28,000
3857,000;-24,000
3858,000;-21,000
3859,000;-25,000
3860,000;-25,000
3861,000;-19,000
3862,000;-20,000
3863,000;-28,000
3864,000;-25,000
3865,000;-19,000
3866,000;-25,000
3867,000;-30,000
3868,000;-29,000
3869,000;-27,000
3870,000;-27,000
3871,000;-29,000
3872,000;-30,000
3873,000;-26,000
3874,000;-21,000
3875,000;-25,000
3876,000;-31,000
3877,000;-27,000
3878,000;-23,000
3879,000;-27,000
3880,000;-29,000
3881,000;-25,000
3882,000;-27,000
3883,000;-33,000
3884,000;-30,000
3885,000;-27,000
3886,000;-30,000
3887,000;-32,000
3888,000;-34,000
3889,000;-37,000
3890,000;-35,000
3891,000;-27,000
3892,000;-26,000
3893,000;-32,000
3894,000;-32,000
3895,000;-29,000
3896,000;-34,000
3897,000;-33,000
3898,000;-26,000
3899,000;-25,000
3900,000;-29,000
3901,000;-22,000
3902,000;-14,000
3903,000;-23,000
3904,000;-35,000
3905,000;-27,000
3906,000;-20,000
3907,000;-29,000
3908,000;-33,000
3909,000;-28,000
3910,000;-28,000
3911,000;-28,000
3912,000;-21,000
3913,000;-22,000
3914,000;-30,000
3915,000;-31,000
3916,000;-26,000
3917,000;-28,000
3918,000;-28,000
3919,000;-25,000
3920,000;-28,000
3921,000;-29,000
3922,000;-22,000
3923,000;-22,000
3924,000;-29,000
3925,000;-26,000
3926,000;-20,000
3927,000;-22,000
3928,000;-24,000
3929,000;-26,000
3930,000;-26,000
3931,000;-22,000
3932,000;-22,000
3933,000;-23,000
3934,000;-16,000
3935,000;-18,000
3936,000;-34,000
3937,000;-36,000
3938,000;-24,000
3939,000;-24,000
3940,000;-26,000
3941,000;-21,000
3942,000;-21,000
3943,000;-26,000
3944,000;-23,000
3945,000;-20,000
3946,000;-24,000
3947,000;-27,000
3948,000;-21,000
3949,000;-22,000
3950,000;-30,000
3951,000;-30,000
3952,000;-23,000
3953,000;-22,000
3954,000;-25,000
3955,000;-24,000
3956,000;-21,000
3957,000;-21,000
3958,000;-24,000
3959,000;-25,000
3960,000;-22,000
3961,000;-21,000
3962,000;-21,000
3963,000;-19,000
3964,000;-20,000
3965,000;-24,000
3966,000;-22,000
3967,000;-21,000
3968,000;-25,000
3969,000;-26,000
3970,000;-25,000
3971,000;-25,000
3972,000;-25,000
3973,000;-26,000
3974,000;-26,000
3975,000;-24,000
3976,000;-27,000
3977,000;-28,000
3978,000;-20,000
3979,000;-19,000
3980,000;-27,000
3981,000;-30,000
3982,000;-29,000
3983,000;-30,000
3984,000;-28,000
3985,000;-27,000
3986,000;-30,000
3987,000;-27,000
3988,000;-22,000
3989,000;-25,000
3990,000;-29,000
3991,000;-28,000
3992,000;-30,000
3993,000;-28,000
3994,000;-24,000
3995,000;-26,000
3996,000;-29,000
3997,000;-28,000
3998,000;-29,000
3999,000;-31,000
4000,000;-25,000
4001,000;-19,000
4002,000;-27,000
4003,000;-34,000
4004,000;-28,000
4005,000;-24,000
4006,000;-30,000
4007,000;-27,000
4008,000;-24,000
4009,000;-30,000
4010,000;-31,000
4011,000;-22,000
4012,000;-24,000
4013,000;-34,000
4014,000;-30,000
4015,000;-20,000
4016,000;-21,000
4017,000;-30,000
4018,000;-31,000
4019,000;-19,000
4020,000;-14,000
4021,000;-28,000
4022,000;-35,000
4023,000;-24,000
4024,000;-25,000
4025,000;-38,000
4026,000;-34,000
4027,000;-28,000
4028,000;-33,000
4029,000;-32,000
4030,000;-29,000
4031,000;-33,000
4032,000;-35,000
4033,000;-33,000
4034,000;-34,000
4035,000;-33,000
4036,000;-31,000
4037,000;-34,000
4038,000;-36,000
4039,000;-32,000
4040,000;-29,000
4041,000;-29,000
4042,000;-27,000
4043,000;-25,000
4044,000;-29,000
4045,000;-32,000
4046,000;-28,000
4047,000;-26,000
4048,000;-30,000
4049,000;-31,000
4050,000;-25,000
4051,000;-23,000
4052,000;-23,000
4053,000;-23,000
4054,000;-26,000
4055,000;-29,000
4056,000;-28,000
4057,000;-27,000
4058,000;-29,000
4059,000;-32,000
4060,000;-31,000
4061,000;-31,000
4062,000;-31,000
4063,000;-26,000
4064,000;-24,000
4065,000;-33,000
4066,000;-33,000
4067,000;-22,000
4068,000;-22,000
4069,000;-30,000
4070,000;-26,000
4071,000;-19,000
4072,000;-23,000
4073,000;-28,000
4074,000;-28,000
4075,000;-29,000
4076,000;-27,000
4077,000;-24,000
4078,000;-26,000
4079,000;-29,000
4080,000;-22,000
4081,000;-21,000
4082,000;-27,000
4083,000;-27,000
4084,000;-21,000
4085,000;-22,000
4086,000;-24,000
4087,000;-21,000
4088,000;-17,000
4089,000;-20,000
4090,000;-22,000
4091,000;-24,000
4092,000;-24,000
4093,000;-21,000
4094,000;-20,000
4095,000;-24,000
