0,000;338,000
1,000;294,000
2,000;288,000
3,000;290,000
4,000;290,000
5,000;194,000
6,000;124,000
7,000;134,000
8,000;260,000
9,000;320,000
10,000;336,000
11,000;226,000
12,000;210,000
13,000;192,000
14,000;268,000
15,000;250,000
16,000;280,000
17,000;232,000
18,000;192,000
19,000;166,000
20,000;178,000
21,000;314,000
22,000;384,000
23,000;388,000
24,000;304,000
25,000;284,000
26,000;244,000
27,000;176,000
28,000;236,000
29,000;242,000
30,000;334,000
31,000;238,000
32,000;246,000
33,000;240,000
34,000;278,000
35,000;366,000
36,000;282,000
37,000;224,000
38,000;112,000
39,000;140,000
40,000;186,000
41,000;290,000
42,000;384,000
43,000;332,000
44,000;236,000
45,000;214,000
46,000;248,000
47,000;274,000
48,000;302,000
49,000;292,000
50,000;140,000
51,000;80,000
52,000;146,000
53,000;254,000
54,000;382,000
55,000;380,000
56,000;356,000
57,000;256,000
58,000;204,000
59,000;170,000
60,000;258,000
61,000;288,000
62,000;336,000
63,000;304,000
64,000;210,000
65,000;320,000
66,000;258,000
67,000;282,000
68,000;312,000
69,000;240,000
70,000;206,000
71,000;114,000
72,000;124,000
73,000;240,000
74,000;298,000
75,000;258,000
76,000;298,000
77,000;218,000
78,000;206,000
79,000;196,000
80,000;320,000
81,000;330,000
82,000;290,000
83,000;110,000
84,000;88,000
85,000;162,000
86,000;328,000
87,000;396,000
88,000;468,000
89,000;314,000
90,000;218,000
91,000;140,000
92,000;240,000
93,000;326,000
94,000;342,000
95,000;296,000
96,000;224,000
97,000;238,000
98,000;328,000
99,000;348,000
100,000;310,000
101,000;254,000
102,000;186,000
103,000;198,000
104,000;186,000
105,000;304,000
106,000;276,000
107,000;304,000
108,000;230,000
109,000;418,000
110,000;120,000
111,000;364,000
112,000;156,000
113,000;326,000
114,000;218,000
115,000;182,000
116,000;128,000
117,000;116,000
118,000;326,000
119,000;330,000
120,000;462,000
121,000;348,000
122,000;252,000
123,000;102,000
124,000;174,000
125,000;230,000
126,000;318,000
127,000;276,000
128,000;256,000
129,000;204,000
130,000;248,000
131,000;238,000
132,000;290,000
133,000;302,000
134,000;190,000
135,000;192,000
136,000;144,000
137,000;200,000
138,000;260,000
139,000;266,000
140,000;314,000
141,000;256,000
142,000;296,000
143,000;264,000
144,000;338,000
145,000;320,000
146,000;224,000
147,000;206,000
148,000;118,000
149,000;228,000
150,000;272,000
151,000;404,000
152,000;414,000
153,000;382,000
154,000;258,000
155,000;224,000
156,000;112,000
157,000;294,000
158,000;248,000
159,000;306,000
160,000;322,000
161,000;286,000
162,000;208,000
163,000;308,000
164,000;222,000
165,000;330,000
166,000;262,000
167,000;202,000
168,000;194,000
169,000;208,000
170,000;102,000
171,000;318,000
172,000;242,000
173,000;374,000
174,000;240,000
175,000;222,000
176,000;282,000
177,000;238,000
178,000;290,000
179,000;168,000
180,000;140,000
181,000;172,000
182,000;238,000
183,000;346,000
184,000;376,000
185,000;358,000
186,000;240,000
187,000;228,000
188,000;198,000
189,000;294,000
190,000;320,000
191,000;292,000
192,000;316,000
193,000;282,000
194,000;274,000
195,000;202,000
196,000;212,000
197,000;192,000
198,000;170,000
199,000;250,000
200,000;174,000
201,000;272,000
202,000;252,000
203,000;224,000
204,000;274,000
205,000;298,000
206,000;320,000
207,000;236,000
208,000;242,000
209,000;278,000
210,000;238,000
211,000;182,000
212,000;172,000
213,000;190,000
214,000;320,000
215,000;386,000
216,000;394,000
217,000;318,000
218,000;188,000
219,000;144,000
220,000;102,000
221,000;250,000
222,000;350,000
223,000;332,000
224,000;326,000
225,000;308,000
226,000;218,000
227,000;254,000
228,000;254,000
229,000;232,000
230,000;244,000
231,000;272,000
232,000;228,000
233,000;264,000
234,000;174,000
235,000;270,000
236,000;294,000
237,000;240,000
238,000;340,000
239,000;238,000
240,000;262,000
241,000;78,000
242,000;160,000
243,000;170,000
244,000;234,000
245,000;314,000
246,000;318,000
247,000;268,000
248,000;332,000
249,000;282,000
250,000;246,000
251,000;218,000
252,000;196,000
253,000;192,000
254,000;206,000
255,000;258,000
256,000;274,000
257,000;324,000
258,000;290,000
259,000;194,000
260,000;194,000
261,000;192,000
262,000;176,000
263,000;316,000
264,000;290,000
265,000;300,000
266,000;212,000
267,000;162,000
268,000;278,000
269,000;280,000
270,000;372,000
271,000;310,000
272,000;314,000
273,000;290,000
274,000;162,000
275,000;162,000
276,000;188,000
277,000;220,000
278,000;266,000
279,000;314,000
280,000;406,000
281,000;310,000
282,000;248,000
283,000;226,000
284,000;246,000
285,000;292,000
286,000;240,000
287,000;250,000
288,000;258,000
289,000;256,000
290,000;320,000
291,000;248,000
292,000;294,000
293,000;210,000
294,000;256,000
295,000;100,000
296,000;334,000
297,000;82,000
298,000;364,000
299,000;138,000
300,000;376,000
301,000;244,000
302,000;422,000
303,000;264,000
304,000;240,000
305,000;242,000
306,000;126,000
307,000;196,000
308,000;170,000
309,000;274,000
310,000;324,000
311,000;372,000
312,000;322,000
313,000;270,000
314,000;244,000
315,000;230,000
316,000;274,000
317,000;290,000
318,000;222,000
319,000;208,000
320,000;206,000
321,000;184,000
322,000;284,000
323,000;286,000
324,000;286,000
325,000;206,000
326,000;220,000
327,000;152,000
328,000;246,000
329,000;288,000
330,000;244,000
331,000;220,000
332,000;218,000
333,000;264,000
334,000;316,000
335,000;390,000
336,000;330,000
337,000;236,000
338,000;214,000
339,000;42,000
340,000;230,000
341,000;214,000
342,000;386,000
343,000;366,000
344,000;360,000
345,000;336,000
346,000;230,000
347,000;198,000
348,000;240,000
349,000;278,000
350,000;286,000
351,000;166,000
352,000;286,000
353,000;276,000
354,000;292,000
355,000;342,000
356,000;332,000
357,000;144,000
358,000;236,000
359,000;-30,000
360,000;372,000
361,000;156,000
362,000;334,000
363,000;212,000
364,000;220,000
365,000;258,000
366,000;192,000
367,000;314,000
368,000;282,000
369,000;268,000
370,000;214,000
371,000;146,000
372,000;222,000
373,000;304,000
374,000;320,000
375,000;358,000
376,000;314,000
377,000;286,000
378,000;196,000
379,000;272,000
380,000;224,000
381,000;342,000
382,000;306,000
383,000;252,000
384,000;252,000
385,000;228,000
386,000;290,000
387,000;268,000
388,000;308,000
389,000;210,000
390,000;146,000
391,000;182,000
392,000;232,000
393,000;302,000
394,000;362,000
395,000;268,000
396,000;222,000
397,000;222,000
398,000;186,000
399,000;316,000
400,000;284,000
401,000;338,000
402,000;174,000
403,000;132,000
404,000;132,000
405,000;222,000
406,000;402,000
407,000;458,000
408,000;372,000
409,000;268,000
410,000;174,000
411,000;168,000
412,000;242,000
413,000;250,000
414,000;308,000
415,000;256,000
416,000;194,000
417,000;342,000
418,000;276,000
419,000;236,000
420,000;366,000
421,000;114,000
422,000;288,000
423,000;94,000
424,000;232,000
425,000;230,000
426,000;292,000
427,000;320,000
428,000;248,000
429,000;170,000
430,000;208,000
431,000;144,000
432,000;248,000
433,000;234,000
434,000;210,000
435,000;144,000
436,000;144,000
437,000;214,000
438,000;298,000
439,000;396,000
440,000;356,000
441,000;282,000
442,000;106,000
443,000;132,000
444,000;228,000
445,000;252,000
446,000;322,000
447,000;222,000
448,000;212,000
449,000;196,000
450,000;262,000
451,000;306,000
452,000;284,000
453,000;256,000
454,000;252,000
455,000;146,000
456,000;304,000
457,000;278,000
458,000;302,000
459,000;280,000
460,000;260,000
461,000;228,000
462,000;210,000
463,000;250,000
464,000;292,000
465,000;336,000
466,000;234,000
467,000;256,000
468,000;92,000
469,000;204,000
470,000;254,000
471,000;384,000
472,000;468,000
473,000;324,000
474,000;222,000
475,000;128,000
476,000;160,000
477,000;248,000
478,000;302,000
479,000;318,000
480,000;242,000
481,000;238,000
482,000;124,000
483,000;354,000
484,000;122,000
485,000;410,000
486,000;100,000
487,000;324,000
488,000;162,000
489,000;322,000
490,000;192,000
491,000;240,000
492,000;240,000
493,000;206,000
494,000;266,000
495,000;252,000
496,000;334,000
497,000;270,000
498,000;284,000
499,000;208,000
500,000;182,000
501,000;182,000
502,000;228,000
503,000;324,000
504,000;336,000
505,000;390,000
506,000;264,000
507,000;208,000
508,000;130,000
509,000;266,000
510,000;244,000
511,000;312,000
512,000;246,000
513,000;324,000
514,000;230,000
515,000;206,000
516,000;240,000
517,000;276,000
518,000;274,000
519,000;228,000
520,000;200,000
521,000;214,000
522,000;252,000
523,000;264,000
524,000;270,000
525,000;292,000
526,000;236,000
527,000;258,000
528,000;288,000
529,000;274,000
530,000;282,000
531,000;216,000
532,000;110,000
533,000;274,000
534,000;220,000
535,000;444,000
536,000;366,000
537,000;374,000
538,000;268,000
539,000;206,000
540,000;264,000
541,000;252,000
542,000;302,000
543,000;274,000
544,000;232,000
545,000;372,000
546,000;128,000
547,000;266,000
548,000;190,000
549,000;208,000
550,000;280,000
551,000;262,000
552,000;292,000
553,000;204,000
554,000;170,000
555,000;182,000
556,000;238,000
557,000;284,000
558,000;230,000
559,000;192,000
560,000;210,000
561,000;234,000
562,000;302,000
563,000;256,000
564,000;218,000
565,000;232,000
566,000;260,000
567,000;338,000
568,000;426,000
569,000;336,000
570,000;236,000
571,000;128,000
572,000;194,000
573,000;198,000
574,000;292,000
575,000;352,000
576,000;316,000
577,000;314,000
578,000;294,000
579,000;256,000
580,000;224,000
581,000;222,000
582,000;198,000
583,000;250,000
584,000;260,000
585,000;276,000
586,000;224,000
587,000;216,000
588,000;274,000
589,000;294,000
590,000;308,000
591,000;252,000
592,000;170,000
593,000;224,000
594,000;212,000
595,000;206,000
596,000;222,000
597,000;234,000
598,000;290,000
599,000;356,000
600,000;380,000
601,000;336,000
602,000;256,000
603,000;194,000
604,000;144,000
605,000;264,000
606,000;196,000
607,000;366,000
608,000;152,000
609,000;358,000
610,000;206,000
611,000;240,000
612,000;284,000
613,000;226,000
614,000;242,000
615,000;172,000
616,000;212,000
617,000;234,000
618,000;196,000
619,000;262,000
620,000;256,000
621,000;296,000
622,000;312,000
623,000;356,000
624,000;226,000
625,000;198,000
626,000;134,000
627,000;152,000
628,000;214,000
629,000;302,000
630,000;278,000
631,000;346,000
632,000;278,000
633,000;332,000
634,000;280,000
635,000;264,000
636,000;264,000
637,000;254,000
638,000;192,000
639,000;252,000
640,000;268,000
641,000;276,000
642,000;270,000
643,000;246,000
644,000;240,000
645,000;228,000
646,000;300,000
647,000;286,000
648,000;256,000
649,000;270,000
650,000;228,000
651,000;148,000
652,000;272,000
653,000;266,000
654,000;342,000
655,000;270,000
656,000;322,000
657,000;192,000
658,000;228,000
659,000;172,000
660,000;206,000
661,000;290,000
662,000;320,000
663,000;342,000
664,000;384,000
665,000;266,000
666,000;260,000
667,000;250,000
668,000;274,000
669,000;160,000
670,000;320,000
671,000;92,000
672,000;412,000
673,000;200,000
674,000;394,000
675,000;222,000
676,000;320,000
677,000;168,000
678,000;254,000
679,000;288,000
680,000;318,000
681,000;286,000
682,000;268,000
683,000;210,000
684,000;226,000
685,000;264,000
686,000;328,000
687,000;314,000
688,000;258,000
689,000;268,000
690,000;182,000
691,000;198,000
692,000;214,000
693,000;272,000
694,000;320,000
695,000;310,000
696,000;312,000
697,000;330,000
698,000;244,000
699,000;204,000
700,000;234,000
701,000;256,000
702,000;300,000
703,000;212,000
704,000;170,000
705,000;286,000
706,000;280,000
707,000;326,000
708,000;256,000
709,000;200,000
710,000;178,000
711,000;192,000
712,000;280,000
713,000;322,000
714,000;282,000
715,000;216,000
716,000;220,000
717,000;270,000
718,000;294,000
719,000;354,000
720,000;296,000
721,000;260,000
722,000;178,000
723,000;136,000
724,000;164,000
725,000;244,000
726,000;344,000
727,000;384,000
728,000;388,000
729,000;428,000
730,000;206,000
731,000;162,000
732,000;194,000
733,000;108,000
734,000;368,000
735,000;180,000
736,000;354,000
737,000;258,000
738,000;284,000
739,000;304,000
740,000;244,000
741,000;238,000
742,000;130,000
743,000;174,000
744,000;284,000
745,000;260,000
746,000;226,000
747,000;312,000
748,000;184,000
749,000;282,000
750,000;258,000
751,000;274,000
752,000;332,000
753,000;226,000
754,000;188,000
755,000;120,000
756,000;190,000
757,000;190,000
758,000;312,000
759,000;420,000
760,000;352,000
761,000;286,000
762,000;178,000
763,000;174,000
764,000;274,000
765,000;344,000
766,000;268,000
767,000;284,000
768,000;232,000
769,000;254,000
770,000;272,000
771,000;312,000
772,000;330,000
773,000;260,000
774,000;204,000
775,000;214,000
776,000;194,000
777,000;298,000
778,000;260,000
779,000;294,000
780,000;288,000
781,000;234,000
782,000;222,000
783,000;268,000
784,000;280,000
785,000;322,000
786,000;306,000
787,000;144,000
788,000;112,000
789,000;116,000
790,000;328,000
791,000;426,000
792,000;492,000
793,000;268,000
794,000;248,000
795,000;58,000
796,000;232,000
797,000;150,000
798,000;448,000
799,000;292,000
800,000;248,000
801,000;216,000
802,000;160,000
803,000;264,000
804,000;258,000
805,000;222,000
806,000;228,000
807,000;132,000
808,000;294,000
809,000;224,000
810,000;306,000
811,000;266,000
812,000;252,000
813,000;236,000
814,000;256,000
815,000;282,000
816,000;284,000
817,000;320,000
818,000;284,000
819,000;236,000
820,000;178,000
821,000;234,000
822,000;230,000
823,000;440,000
824,000;390,000
825,000;352,000
826,000;194,000
827,000;90,000
828,000;140,000
829,000;240,000
830,000;320,000
831,000;306,000
832,000;290,000
833,000;186,000
834,000;220,000
835,000;244,000
836,000;300,000
837,000;258,000
838,000;286,000
839,000;212,000
840,000;198,000
841,000;232,000
842,000;310,000
843,000;260,000
844,000;220,000
845,000;294,000
846,000;160,000
847,000;262,000
848,000;268,000
849,000;322,000
850,000;314,000
851,000;204,000
852,000;240,000
853,000;122,000
854,000;250,000
855,000;312,000
856,000;352,000
857,000;432,000
858,000;94,000
859,000;300,000
860,000;48,000
861,000;354,000
862,000;242,000
863,000;436,000
864,000;340,000
865,000;362,000
866,000;134,000
867,000;258,000
868,000;212,000
869,000;192,000
870,000;218,000
871,000;172,000
872,000;232,000
873,000;224,000
874,000;298,000
875,000;302,000
876,000;340,000
877,000;278,000
878,000;278,000
879,000;238,000
880,000;280,000
881,000;214,000
882,000;180,000
883,000;186,000
884,000;178,000
885,000;244,000
886,000;256,000
887,000;386,000
888,000;406,000
889,000;382,000
890,000;278,000
891,000;194,000
892,000;174,000
893,000;172,000
894,000;256,000
895,000;192,000
896,000;318,000
897,000;262,000
898,000;252,000
899,000;176,000
900,000;290,000
901,000;256,000
902,000;292,000
903,000;240,000
904,000;222,000
905,000;210,000
906,000;228,000
907,000;168,000
908,000;282,000
909,000;242,000
910,000;284,000
911,000;256,000
912,000;258,000
913,000;306,000
914,000;284,000
915,000;244,000
916,000;210,000
917,000;230,000
918,000;230,000
919,000;374,000
920,000;304,000
921,000;446,000
922,000;222,000
923,000;184,000
924,000;212,000
925,000;202,000
926,000;314,000
927,000;262,000
928,000;300,000
929,000;272,000
930,000;258,000
931,000;300,000
932,000;268,000
933,000;202,000
934,000;174,000
935,000;230,000
936,000;200,000
937,000;270,000
938,000;128,000
939,000;302,000
940,000;208,000
941,000;368,000
942,000;302,000
943,000;218,000
944,000;186,000
945,000;148,000
946,000;204,000
947,000;216,000
948,000;258,000
949,000;256,000
950,000;260,000
951,000;352,000
952,000;362,000
953,000;314,000
954,000;282,000
955,000;176,000
956,000;124,000
957,000;178,000
958,000;262,000
959,000;350,000
960,000;308,000
961,000;290,000
962,000;250,000
963,000;288,000
964,000;192,000
965,000;218,000
966,000;226,000
967,000;222,000
968,000;236,000
969,000;320,000
970,000;254,000
971,000;270,000
972,000;288,000
973,000;268,000
974,000;274,000
975,000;300,000
976,000;224,000
977,000;164,000
978,000;222,000
979,000;174,000
980,000;240,000
981,000;290,000
982,000;346,000
983,000;356,000
984,000;302,000
985,000;384,000
986,000;192,000
987,000;228,000
988,000;140,000
989,000;142,000
990,000;240,000
991,000;244,000
992,000;366,000
993,000;354,000
994,000;310,000
995,000;308,000
996,000;242,000
997,000;252,000
998,000;234,000
999,000;202,000
1000,000;256,000
1001,000;254,000
1002,000;246,000
1003,000;228,000
1004,000;314,000
1005,000;250,000
1006,000;338,000
1007,000;336,000
1008,000;286,000
1009,000;216,000
1010,000;176,000
1011,000;116,000
1012,000;178,000
1013,000;240,000
1014,000;338,000
1015,000;336,000
1016,000;356,000
1017,000;274,000
1018,000;212,000
1019,000;274,000
1020,000;306,000
1021,000;304,000
1022,000;256,000
1023,000;196,000
1024,000;232,000
1025,000;258,000
1026,000;336,000
1027,000;292,000
1028,000;282,000
1029,000;210,000
1030,000;226,000
1031,000;230,000
1032,000;274,000
1033,000;298,000
1034,000;292,000
1035,000;160,000
1036,000;180,000
1037,000;240,000
1038,000;286,000
1039,000;316,000
1040,000;280,000
1041,000;274,000
1042,000;246,000
1043,000;180,000
1044,000;210,000
1045,000;108,000
1046,000;418,000
1047,000;238,000
1048,000;430,000
1049,000;224,000
1050,000;226,000
1051,000;164,000
1052,000;276,000
1053,000;258,000
1054,000;340,000
1055,000;264,000
1056,000;170,000
1057,000;214,000
1058,000;262,000
1059,000;294,000
1060,000;312,000
1061,000;220,000
1062,000;188,000
1063,000;226,000
1064,000;256,000
1065,000;312,000
1066,000;298,000
1067,000;266,000
1068,000;212,000
1069,000;198,000
1070,000;258,000
1071,000;348,000
1072,000;262,000
1073,000;266,000
1074,000;210,000
1075,000;188,000
1076,000;244,000
1077,000;234,000
1078,000;324,000
1079,000;356,000
1080,000;314,000
1081,000;390,000
1082,000;220,000
1083,000;274,000
1084,000;188,000
1085,000;260,000
1086,000;248,000
1087,000;256,000
1088,000;224,000
1089,000;282,000
1090,000;302,000
1091,000;268,000
1092,000;302,000
1093,000;304,000
1094,000;206,000
1095,000;222,000
1096,000;212,000
1097,000;288,000
1098,000;296,000
1099,000;242,000
1100,000;216,000
1101,000;220,000
1102,000;270,000
1103,000;318,000
1104,000;348,000
1105,000;298,000
1106,000;248,000
1107,000;40,000
1108,000;242,000
1109,000;138,000
1110,000;416,000
1111,000;346,000
1112,000;418,000
1113,000;326,000
1114,000;154,000
1115,000;196,000
1116,000;204,000
1117,000;324,000
1118,000;234,000
1119,000;292,000
1120,000;264,000
1121,000;224,000
1122,000;344,000
1123,000;320,000
1124,000;322,000
1125,000;270,000
1126,000;192,000
1127,000;256,000
1128,000;246,000
1129,000;266,000
1130,000;272,000
1131,000;256,000
1132,000;276,000
1133,000;214,000
1134,000;218,000
1135,000;330,000
1136,000;276,000
1137,000;326,000
1138,000;274,000
1139,000;180,000
1140,000;150,000
1141,000;178,000
1142,000;306,000
1143,000;400,000
1144,000;416,000
1145,000;320,000
1146,000;184,000
1147,000;156,000
1148,000;154,000
1149,000;286,000
1150,000;330,000
1151,000;258,000
1152,000;260,000
1153,000;274,000
1154,000;286,000
1155,000;324,000
1156,000;310,000
1157,000;158,000
1158,000;158,000
1159,000;164,000
1160,000;260,000
1161,000;332,000
1162,000;306,000
1163,000;326,000
1164,000;196,000
1165,000;206,000
1166,000;252,000
1167,000;264,000
1168,000;280,000
1169,000;340,000
1170,000;254,000
1171,000;194,000
1172,000;178,000
1173,000;176,000
1174,000;330,000
1175,000;426,000
1176,000;500,000
1177,000;434,000
1178,000;200,000
1179,000;120,000
1180,000;118,000
1181,000;202,000
1182,000;364,000
1183,000;302,000
1184,000;276,000
1185,000;252,000
1186,000;192,000
1187,000;266,000
1188,000;300,000
1189,000;266,000
1190,000;218,000
1191,000;180,000
1192,000;202,000
1193,000;234,000
1194,000;288,000
1195,000;304,000
1196,000;288,000
1197,000;276,000
1198,000;188,000
1199,000;344,000
1200,000;220,000
1201,000;388,000
1202,000;242,000
1203,000;190,000
1204,000;228,000
1205,000;192,000
1206,000;362,000
1207,000;344,000
1208,000;420,000
1209,000;330,000
1210,000;246,000
1211,000;132,000
1212,000;188,000
1213,000;206,000
1214,000;330,000
1215,000;326,000
1216,000;326,000
1217,000;234,000
1218,000;236,000
1219,000;164,000
1220,000;190,000
1221,000;264,000
1222,000;246,000
1223,000;270,000
1224,000;202,000
1225,000;208,000
1226,000;236,000
1227,000;198,000
1228,000;242,000
1229,000;310,000
1230,000;192,000
1231,000;278,000
1232,000;104,000
1233,000;406,000
1234,000;198,000
1235,000;320,000
1236,000;140,000
1237,000;214,000
1238,000;242,000
1239,000;334,000
1240,000;428,000
1241,000;374,000
1242,000;218,000
1243,000;256,000
1244,000;164,000
1245,000;256,000
1246,000;244,000
1247,000;292,000
1248,000;302,000
1249,000;300,000
1250,000;272,000
1251,000;290,000
1252,000;252,000
1253,000;222,000
1254,000;254,000
1255,000;188,000
1256,000;256,000
1257,000;258,000
1258,000;260,000
1259,000;292,000
1260,000;354,000
1261,000;258,000
1262,000;288,000
1263,000;254,000
1264,000;234,000
1265,000;254,000
1266,000;252,000
1267,000;256,000
1268,000;226,000
1269,000;196,000
1270,000;228,000
1271,000;338,000
1272,000;366,000
1273,000;324,000
1274,000;228,000
1275,000;170,000
1276,000;246,000
1277,000;150,000
1278,000;338,000
1279,000;256,000
1280,000;314,000
1281,000;328,000
1282,000;268,000
1283,000;272,000
1284,000;238,000
1285,000;238,000
1286,000;222,000
1287,000;304,000
1288,000;250,000
1289,000;250,000
1290,000;228,000
1291,000;252,000
1292,000;210,000
1293,000;408,000
1294,000;390,000
1295,000;334,000
1296,000;218,000
1297,000;304,000
1298,000;180,000
1299,000;182,000
1300,000;178,000
1301,000;192,000
1302,000;286,000
1303,000;320,000
1304,000;414,000
1305,000;412,000
1306,000;322,000
1307,000;234,000
1308,000;176,000
1309,000;176,000
1310,000;206,000
1311,000;248,000
1312,000;320,000
1313,000;328,000
1314,000;224,000
1315,000;296,000
1316,000;244,000
1317,000;304,000
1318,000;272,000
1319,000;384,000
1320,000;300,000
1321,000;216,000
1322,000;306,000
1323,000;188,000
1324,000;332,000
1325,000;274,000
1326,000;298,000
1327,000;284,000
1328,000;222,000
1329,000;178,000
1330,000;218,000
1331,000;186,000
1332,000;256,000
1333,000;248,000
1334,000;306,000
1335,000;284,000
1336,000;358,000
1337,000;334,000
1338,000;290,000
1339,000;216,000
1340,000;192,000
1341,000;192,000
1342,000;256,000
1343,000;278,000
1344,000;260,000
1345,000;300,000
1346,000;238,000
1347,000;210,000
1348,000;290,000
1349,000;256,000
1350,000;304,000
1351,000;282,000
1352,000;264,000
1353,000;198,000
1354,000;224,000
1355,000;190,000
1356,000;298,000
1357,000;200,000
1358,000;418,000
1359,000;244,000
1360,000;308,000
1361,000;228,000
1362,000;256,000
1363,000;240,000
1364,000;252,000
1365,000;238,000
1366,000;342,000
1367,000;348,000
1368,000;396,000
1369,000;298,000
1370,000;258,000
1371,000;228,000
1372,000;240,000
1373,000;190,000
1374,000;234,000
1375,000;196,000
1376,000;274,000
1377,000;296,000
1378,000;276,000
1379,000;240,000
1380,000;210,000
1381,000;142,000
1382,000;140,000
1383,000;216,000
1384,000;254,000
1385,000;288,000
1386,000;258,000
1387,000;250,000
1388,000;206,000
1389,000;320,000
1390,000;312,000
1391,000;340,000
1392,000;312,000
1393,000;202,000
1394,000;174,000
1395,000;200,000
1396,000;186,000
1397,000;282,000
1398,000;320,000
1399,000;400,000
1400,000;294,000
1401,000;256,000
1402,000;224,000
1403,000;226,000
1404,000;260,000
1405,000;348,000
1406,000;282,000
1407,000;288,000
1408,000;214,000
1409,000;258,000
1410,000;318,000
1411,000;358,000
1412,000;256,000
1413,000;202,000
1414,000;116,000
1415,000;190,000
1416,000;242,000
1417,000;308,000
1418,000;378,000
1419,000;124,000
1420,000;252,000
1421,000;142,000
1422,000;350,000
1423,000;222,000
1424,000;302,000
1425,000;238,000
1426,000;208,000
1427,000;190,000
1428,000;150,000
1429,000;208,000
1430,000;276,000
1431,000;378,000
1432,000;348,000
1433,000;288,000
1434,000;310,000
1435,000;160,000
1436,000;220,000
1437,000;280,000
1438,000;286,000
1439,000;290,000
1440,000;274,000
1441,000;236,000
1442,000;228,000
1443,000;314,000
1444,000;304,000
1445,000;304,000
1446,000;224,000
1447,000;228,000
1448,000;290,000
1449,000;308,000
1450,000;356,000
1451,000;322,000
1452,000;212,000
1453,000;204,000
1454,000;248,000
1455,000;276,000
1456,000;296,000
1457,000;230,000
1458,000;214,000
1459,000;128,000
1460,000;160,000
1461,000;170,000
1462,000;372,000
1463,000;334,000
1464,000;354,000
1465,000;304,000
1466,000;246,000
1467,000;226,000
1468,000;188,000
1469,000;256,000
1470,000;202,000
1471,000;242,000
1472,000;220,000
1473,000;230,000
1474,000;316,000
1475,000;300,000
1476,000;322,000
1477,000;322,000
1478,000;292,000
1479,000;228,000
1480,000;178,000
1481,000;376,000
1482,000;164,000
1483,000;330,000
1484,000;196,000
1485,000;256,000
1486,000;218,000
1487,000;262,000
1488,000;294,000
1489,000;384,000
1490,000;324,000
1491,000;130,000
1492,000;132,000
1493,000;132,000
1494,000;234,000
1495,000;362,000
1496,000;392,000
1497,000;330,000
1498,000;226,000
1499,000;214,000
1500,000;176,000
1501,000;330,000
1502,000;322,000
1503,000;274,000
1504,000;228,000
1505,000;210,000
1506,000;254,000
1507,000;306,000
1508,000;304,000
1509,000;248,000
1510,000;106,000
1511,000;316,000
1512,000;148,000
1513,000;350,000
1514,000;282,000
1515,000;292,000
1516,000;286,000
1517,000;232,000
1518,000;306,000
1519,000;260,000
1520,000;322,000
1521,000;282,000
1522,000;256,000
1523,000;222,000
1524,000;138,000
1525,000;98,000
1526,000;342,000
1527,000;332,000
1528,000;410,000
1529,000;380,000
1530,000;232,000
1531,000;138,000
1532,000;158,000
1533,000;276,000
1534,000;304,000
1535,000;318,000
1536,000;212,000
1537,000;212,000
1538,000;256,000
1539,000;270,000
1540,000;308,000
1541,000;320,000
1542,000;128,000
1543,000;218,000
1544,000;56,000
1545,000;372,000
1546,000;242,000
1547,000;366,000
1548,000;260,000
1549,000;212,000
1550,000;202,000
1551,000;250,000
1552,000;172,000
1553,000;316,000
1554,000;298,000
1555,000;206,000
1556,000;218,000
1557,000;192,000
1558,000;292,000
1559,000;438,000
1560,000;442,000
1561,000;362,000
1562,000;244,000
1563,000;102,000
1564,000;74,000
1565,000;178,000
1566,000;268,000
1567,000;412,000
1568,000;306,000
1569,000;274,000
1570,000;242,000
1571,000;192,000
1572,000;308,000
1573,000;290,000
1574,000;250,000
1575,000;262,000
1576,000;224,000
1577,000;202,000
1578,000;318,000
1579,000;262,000
1580,000;248,000
1581,000;270,000
1582,000;192,000
1583,000;278,000
1584,000;266,000
1585,000;250,000
1586,000;276,000
1587,000;212,000
1588,000;184,000
1589,000;114,000
1590,000;376,000
1591,000;324,000
1592,000;424,000
1593,000;346,000
1594,000;234,000
1595,000;220,000
1596,000;54,000
1597,000;258,000
1598,000;278,000
1599,000;382,000
1600,000;372,000
1601,000;290,000
1602,000;200,000
1603,000;182,000
1604,000;164,000
1605,000;322,000
1606,000;178,000
1607,000;354,000
1608,000;118,000
1609,000;270,000
1610,000;162,000
1611,000;272,000
1612,000;276,000
1613,000;250,000
1614,000;230,000
1615,000;132,000
1616,000;220,000
1617,000;306,000
1618,000;318,000
1619,000;268,000
1620,000;192,000
1621,000;112,000
1622,000;198,000
1623,000;282,000
1624,000;372,000
1625,000;400,000
1626,000;328,000
1627,000;218,000
1628,000;178,000
1629,000;256,000
1630,000;308,000
1631,000;396,000
1632,000;284,000
1633,000;268,000
1634,000;314,000
1635,000;234,000
1636,000;316,000
1637,000;284,000
1638,000;238,000
1639,000;220,000
1640,000;240,000
1641,000;206,000
1642,000;234,000
1643,000;268,000
1644,000;342,000
1645,000;310,000
1646,000;318,000
1647,000;248,000
1648,000;248,000
1649,000;216,000
1650,000;230,000
1651,000;240,000
1652,000;218,000
1653,000;200,000
1654,000;236,000
1655,000;276,000
1656,000;352,000
1657,000;354,000
1658,000;342,000
1659,000;202,000
1660,000;202,000
1661,000;152,000
1662,000;266,000
1663,000;210,000
1664,000;222,000
1665,000;210,000
1666,000;246,000
1667,000;272,000
1668,000;258,000
1669,000;174,000
1670,000;394,000
1671,000;160,000
1672,000;328,000
1673,000;166,000
1674,000;284,000
1675,000;238,000
1676,000;314,000
1677,000;296,000
1678,000;334,000
1679,000;322,000
1680,000;268,000
1681,000;240,000
1682,000;282,000
1683,000;208,000
1684,000;204,000
1685,000;204,000
1686,000;234,000
1687,000;320,000
1688,000;368,000
1689,000;366,000
1690,000;306,000
1691,000;240,000
1692,000;186,000
1693,000;174,000
1694,000;204,000
1695,000;246,000
1696,000;322,000
1697,000;330,000
1698,000;304,000
1699,000;244,000
1700,000;250,000
1701,000;218,000
1702,000;222,000
1703,000;248,000
1704,000;254,000
1705,000;246,000
1706,000;270,000
1707,000;206,000
1708,000;254,000
1709,000;298,000
1710,000;314,000
1711,000;256,000
1712,000;256,000
1713,000;294,000
1714,000;226,000
1715,000;268,000
1716,000;228,000
1717,000;226,000
1718,000;262,000
1719,000;340,000
1720,000;198,000
1721,000;366,000
1722,000;188,000
1723,000;278,000
1724,000;238,000
1725,000;234,000
1726,000;244,000
1727,000;232,000
1728,000;264,000
1729,000;252,000
1730,000;412,000
1731,000;180,000
1732,000;386,000
1733,000;138,000
1734,000;252,000
1735,000;170,000
1736,000;278,000
1737,000;336,000
1738,000;242,000
1739,000;274,000
1740,000;246,000
1741,000;262,000
1742,000;302,000
1743,000;314,000
1744,000;284,000
1745,000;296,000
1746,000;244,000
1747,000;178,000
1748,000;182,000
1749,000;268,000
1750,000;310,000
1751,000;390,000
1752,000;354,000
1753,000;356,000
1754,000;256,000
1755,000;168,000
1756,000;192,000
1757,000;268,000
1758,000;232,000
1759,000;342,000
1760,000;248,000
1761,000;288,000
1762,000;364,000
1763,000;336,000
1764,000;288,000
1765,000;190,000
1766,000;132,000
1767,000;182,000
1768,000;298,000
1769,000;264,000
1770,000;332,000
1771,000;272,000
1772,000;182,000
1773,000;262,000
1774,000;270,000
1775,000;372,000
1776,000;306,000
1777,000;238,000
1778,000;138,000
1779,000;156,000
1780,000;144,000
1781,000;320,000
1782,000;334,000
1783,000;382,000
1784,000;280,000
1785,000;282,000
1786,000;248,000
1787,000;246,000
1788,000;258,000
1789,000;234,000
1790,000;292,000
1791,000;192,000
1792,000;270,000
1793,000;270,000
1794,000;428,000
1795,000;332,000
1796,000;398,000
1797,000;194,000
1798,000;244,000
1799,000;132,000
1800,000;232,000
1801,000;390,000
1802,000;344,000
1803,000;268,000
1804,000;146,000
1805,000;218,000
1806,000;212,000
1807,000;320,000
1808,000;304,000
1809,000;318,000
1810,000;200,000
1811,000;110,000
1812,000;124,000
1813,000;182,000
1814,000;316,000
1815,000;360,000
1816,000;354,000
1817,000;320,000
1818,000;272,000
1819,000;252,000
1820,000;294,000
1821,000;284,000
1822,000;310,000
1823,000;260,000
1824,000;246,000
1825,000;322,000
1826,000;256,000
1827,000;352,000
1828,000;294,000
1829,000;282,000
1830,000;214,000
1831,000;236,000
1832,000;258,000
1833,000;314,000
1834,000;292,000
1835,000;262,000
1836,000;302,000
1837,000;256,000
1838,000;292,000
1839,000;306,000
1840,000;314,000
1841,000;350,000
1842,000;196,000
1843,000;160,000
1844,000;128,000
1845,000;198,000
1846,000;264,000
1847,000;310,000
1848,000;320,000
1849,000;288,000
1850,000;238,000
1851,000;268,000
1852,000;220,000
1853,000;264,000
1854,000;250,000
1855,000;310,000
1856,000;138,000
1857,000;310,000
1858,000;324,000
1859,000;352,000
1860,000;266,000
1861,000;256,000
1862,000;252,000
1863,000;218,000
1864,000;262,000
1865,000;326,000
1866,000;302,000
1867,000;236,000
1868,000;200,000
1869,000;254,000
1870,000;234,000
1871,000;316,000
1872,000;344,000
1873,000;302,000
1874,000;260,000
1875,000;210,000
1876,000;106,000
1877,000;152,000
1878,000;304,000
1879,000;370,000
1880,000;430,000
1881,000;356,000
1882,000;304,000
1883,000;142,000
1884,000;166,000
1885,000;286,000
1886,000;286,000
1887,000;338,000
1888,000;276,000
1889,000;232,000
1890,000;254,000
1891,000;296,000
1892,000;372,000
1893,000;282,000
1894,000;198,000
1895,000;166,000
1896,000;190,000
1897,000;280,000
1898,000;320,000
1899,000;312,000
1900,000;256,000
1901,000;220,000
1902,000;256,000
1903,000;206,000
1904,000;318,000
1905,000;304,000
1906,000;236,000
1907,000;206,000
1908,000;190,000
1909,000;228,000
1910,000;264,000
1911,000;376,000
1912,000;314,000
1913,000;336,000
1914,000;262,000
1915,000;190,000
1916,000;138,000
1917,000;284,000
1918,000;190,000
1919,000;416,000
1920,000;220,000
1921,000;380,000
1922,000;214,000
1923,000;274,000
1924,000;242,000
1925,000;180,000
1926,000;184,000
1927,000;170,000
1928,000;192,000
1929,000;288,000
1930,000;316,000
1931,000;258,000
1932,000;322,000
1933,000;238,000
1934,000;262,000
1935,000;292,000
1936,000;266,000
1937,000;330,000
1938,000;268,000
1939,000;162,000
1940,000;170,000
1941,000;192,000
1942,000;370,000
1943,000;416,000
1944,000;484,000
1945,000;366,000
1946,000;240,000
1947,000;134,000
1948,000;132,000
1949,000;250,000
1950,000;322,000
1951,000;364,000
1952,000;374,000
1953,000;222,000
1954,000;242,000
1955,000;168,000
1956,000;232,000
1957,000;320,000
1958,000;320,000
1959,000;258,000
1960,000;238,000
1961,000;182,000
1962,000;250,000
1963,000;254,000
1964,000;300,000
1965,000;326,000
1966,000;238,000
1967,000;194,000
1968,000;184,000
1969,000;216,000
1970,000;246,000
1971,000;276,000
1972,000;198,000
1973,000;198,000
1974,000;300,000
1975,000;324,000
1976,000;370,000
1977,000;356,000
1978,000;242,000
1979,000;210,000
1980,000;54,000
1981,000;368,000
1982,000;206,000
1983,000;452,000
1984,000;284,000
1985,000;394,000
1986,000;282,000
1987,000;230,000
1988,000;304,000
1989,000;222,000
1990,000;308,000
1991,000;266,000
1992,000;314,000
1993,000;276,000
1994,000;272,000
1995,000;162,000
1996,000;264,000
1997,000;310,000
1998,000;322,000
1999,000;204,000
2000,000;198,000
2001,000;250,000
2002,000;238,000
2003,000;256,000
2004,000;228,000
2005,000;162,000
2006,000;190,000
2007,000;352,000
2008,000;414,000
2009,000;450,000
2010,000;296,000
2011,000;254,000
2012,000;182,000
2013,000;168,000
2014,000;322,000
2015,000;318,000
2016,000;284,000
2017,000;200,000
2018,000;258,000
2019,000;252,000
2020,000;324,000
2021,000;308,000
2022,000;278,000
2023,000;228,000
2024,000;192,000
2025,000;280,000
2026,000;214,000
2027,000;292,000
2028,000;256,000
2029,000;258,000
2030,000;274,000
2031,000;258,000
2032,000;260,000
2033,000;230,000
2034,000;218,000
2035,000;226,000
2036,000;262,000
2037,000;276,000
2038,000;288,000
2039,000;274,000
2040,000;292,000
2041,000;284,000
2042,000;322,000
2043,000;170,000
2044,000;304,000
2045,000;134,000
2046,000;274,000
2047,000;230,000
2048,000;320,000
2049,000;318,000
2050,000;326,000
2051,000;300,000
2052,000;176,000
2053,000;266,000
2054,000;250,000
2055,000;272,000
2056,000;258,000
2057,000;238,000
2058,000;308,000
2059,000;220,000
2060,000;250,000
2061,000;352,000
2062,000;318,000
2063,000;376,000
2064,000;248,000
2065,000;268,000
2066,000;264,000
2067,000;186,000
2068,000;160,000
2069,000;264,000
2070,000;320,000
2071,000;392,000
2072,000;336,000
2073,000;352,000
2074,000;282,000
2075,000;200,000
2076,000;214,000
2077,000;192,000
2078,000;160,000
2079,000;206,000
2080,000;256,000
2081,000;296,000
2082,000;308,000
2083,000;268,000
2084,000;250,000
2085,000;202,000
2086,000;228,000
2087,000;202,000
2088,000;282,000
2089,000;256,000
2090,000;244,000
2091,000;212,000
2092,000;264,000
2093,000;270,000
2094,000;280,000
2095,000;332,000
2096,000;228,000
2097,000;312,000
2098,000;238,000
2099,000;202,000
2100,000;230,000
2101,000;252,000
2102,000;298,000
2103,000;328,000
2104,000;466,000
2105,000;262,000
2106,000;356,000
2107,000;106,000
2108,000;264,000
2109,000;192,000
2110,000;392,000
2111,000;234,000
2112,000;326,000
2113,000;324,000
2114,000;298,000
2115,000;330,000
2116,000;260,000
2117,000;228,000
2118,000;176,000
2119,000;216,000
2120,000;272,000
2121,000;312,000
2122,000;288,000
2123,000;168,000
2124,000;222,000
2125,000;292,000
2126,000;280,000
2127,000;330,000
2128,000;260,000
2129,000;272,000
2130,000;282,000
2131,000;202,000
2132,000;220,000
2133,000;276,000
2134,000;290,000
2135,000;370,000
2136,000;328,000
2137,000;332,000
2138,000;238,000
2139,000;190,000
2140,000;148,000
2141,000;272,000
2142,000;226,000
2143,000;234,000
2144,000;272,000
2145,000;228,000
2146,000;290,000
2147,000;322,000
2148,000;318,000
2149,000;272,000
2150,000;174,000
2151,000;174,000
2152,000;228,000
2153,000;296,000
2154,000;322,000
2155,000;248,000
2156,000;222,000
2157,000;198,000
2158,000;274,000
2159,000;368,000
2160,000;356,000
2161,000;258,000
2162,000;218,000
2163,000;128,000
2164,000;176,000
2165,000;216,000
2166,000;420,000
2167,000;268,000
2168,000;466,000
2169,000;232,000
2170,000;304,000
2171,000;172,000
2172,000;274,000
2173,000;222,000
2174,000;332,000
2175,000;328,000
2176,000;234,000
2177,000;356,000
2178,000;222,000
2179,000;320,000
2180,000;296,000
2181,000;294,000
2182,000;186,000
2183,000;194,000
2184,000;164,000
2185,000;302,000
2186,000;350,000
2187,000;300,000
2188,000;192,000
2189,000;194,000
2190,000;192,000
2191,000;204,000
2192,000;376,000
2193,000;362,000
2194,000;286,000
2195,000;176,000
2196,000;76,000
2197,000;162,000
2198,000;190,000
2199,000;370,000
2200,000;310,000
2201,000;284,000
2202,000;154,000
2203,000;138,000
2204,000;170,000
2205,000;246,000
2206,000;274,000
2207,000;318,000
2208,000;258,000
2209,000;326,000
2210,000;278,000
2211,000;312,000
2212,000;286,000
2213,000;268,000
2214,000;172,000
2215,000;160,000
2216,000;248,000
2217,000;280,000
2218,000;308,000
2219,000;296,000
2220,000;302,000
2221,000;262,000
2222,000;236,000
2223,000;266,000
2224,000;282,000
2225,000;272,000
2226,000;276,000
2227,000;150,000
2228,000;154,000
2229,000;216,000
2230,000;268,000
2231,000;410,000
2232,000;370,000
2233,000;336,000
2234,000;230,000
2235,000;190,000
2236,000;164,000
2237,000;318,000
2238,000;296,000
2239,000;258,000
2240,000;186,000
2241,000;152,000
2242,000;266,000
2243,000;298,000
2244,000;338,000
2245,000;304,000
2246,000;288,000
2247,000;174,000
2248,000;212,000
2249,000;286,000
2250,000;292,000
2251,000;266,000
2252,000;226,000
2253,000;212,000
2254,000;296,000
2255,000;242,000
2256,000;450,000
2257,000;304,000
2258,000;396,000
2259,000;186,000
2260,000;150,000
2261,000;156,000
2262,000;248,000
2263,000;362,000
2264,000;430,000
2265,000;404,000
2266,000;326,000
2267,000;168,000
2268,000;96,000
2269,000;228,000
2270,000;244,000
2271,000;318,000
2272,000;256,000
2273,000;284,000
2274,000;208,000
2275,000;282,000
2276,000;298,000
2277,000;292,000
2278,000;248,000
2279,000;166,000
2280,000;142,000
2281,000;240,000
2282,000;272,000
2283,000;290,000
2284,000;298,000
2285,000;234,000
2286,000;256,000
2287,000;292,000
2288,000;254,000
2289,000;270,000
2290,000;272,000
2291,000;198,000
2292,000;186,000
2293,000;222,000
2294,000;196,000
2295,000;478,000
2296,000;322,000
2297,000;386,000
2298,000;230,000
2299,000;172,000
2300,000;214,000
2301,000;232,000
2302,000;380,000
2303,000;350,000
2304,000;336,000
2305,000;344,000
2306,000;238,000
2307,000;244,000
2308,000;286,000
2309,000;244,000
2310,000;258,000
2311,000;274,000
2312,000;190,000
2313,000;192,000
2314,000;312,000
2315,000;270,000
2316,000;318,000
2317,000;308,000
2318,000;240,000
2319,000;178,000
2320,000;242,000
2321,000;232,000
2322,000;288,000
2323,000;244,000
2324,000;174,000
2325,000;138,000
2326,000;218,000
2327,000;348,000
2328,000;468,000
2329,000;422,000
2330,000;232,000
2331,000;156,000
2332,000;48,000
2333,000;222,000
2334,000;258,000
2335,000;356,000
2336,000;384,000
2337,000;240,000
2338,000;284,000
2339,000;210,000
2340,000;270,000
2341,000;244,000
2342,000;286,000
2343,000;222,000
2344,000;226,000
2345,000;206,000
2346,000;244,000
2347,000;200,000
2348,000;296,000
2349,000;340,000
2350,000;272,000
2351,000;258,000
2352,000;264,000
2353,000;268,000
2354,000;278,000
2355,000;238,000
2356,000;162,000
2357,000;206,000
2358,000;182,000
2359,000;384,000
2360,000;378,000
2361,000;434,000
2362,000;382,000
2363,000;256,000
2364,000;188,000
2365,000;230,000
2366,000;278,000
2367,000;324,000
2368,000;338,000
2369,000;262,000
2370,000;290,000
2371,000;172,000
2372,000;348,000
2373,000;260,000
2374,000;354,000
2375,000;248,000
2376,000;222,000
2377,000;196,000
2378,000;204,000
2379,000;234,000
2380,000;234,000
2381,000;326,000
2382,000;310,000
2383,000;262,000
2384,000;206,000
2385,000;238,000
2386,000;228,000
2387,000;304,000
2388,000;160,000
2389,000;194,000
2390,000;210,000
2391,000;240,000
2392,000;348,000
2393,000;402,000
2394,000;354,000
2395,000;218,000
2396,000;188,000
2397,000;126,000
2398,000;242,000
2399,000;280,000
2400,000;360,000
2401,000;358,000
2402,000;320,000
2403,000;268,000
2404,000;302,000
2405,000;248,000
2406,000;344,000
2407,000;260,000
2408,000;254,000
2409,000;224,000
2410,000;242,000
2411,000;244,000
2412,000;302,000
2413,000;302,000
2414,000;296,000
2415,000;324,000
2416,000;322,000
2417,000;254,000
2418,000;206,000
2419,000;268,000
2420,000;178,000
2421,000;206,000
2422,000;224,000
2423,000;282,000
2424,000;384,000
2425,000;358,000
2426,000;350,000
2427,000;298,000
2428,000;188,000
2429,000;212,000
2430,000;194,000
2431,000;212,000
2432,000;212,000
2433,000;274,000
2434,000;310,000
2435,000;294,000
2436,000;272,000
2437,000;276,000
2438,000;272,000
2439,000;250,000
2440,000;282,000
2441,000;252,000
2442,000;316,000
2443,000;266,000
2444,000;206,000
2445,000;346,000
2446,000;288,000
2447,000;320,000
2448,000;244,000
2449,000;322,000
2450,000;222,000
2451,000;244,000
2452,000;148,000
2453,000;206,000
2454,000;250,000
2455,000;294,000
2456,000;388,000
2457,000;376,000
2458,000;350,000
2459,000;242,000
2460,000;204,000
2461,000;200,000
2462,000;264,000
2463,000;170,000
2464,000;328,000
2465,000;252,000
2466,000;336,000
2467,000;232,000
2468,000;318,000
2469,000;232,000
2470,000;188,000
2471,000;200,000
2472,000;210,000
2473,000;304,000
2474,000;228,000
2475,000;236,000
2476,000;238,000
2477,000;248,000
2478,000;300,000
2479,000;326,000
2480,000;274,000
2481,000;204,000
2482,000;260,000
2483,000;132,000
2484,000;258,000
2485,000;192,000
2486,000;294,000
2487,000;328,000
2488,000;384,000
2489,000;354,000
2490,000;330,000
2491,000;260,000
2492,000;248,000
2493,000;218,000
2494,000;274,000
2495,000;238,000
2496,000;260,000
2497,000;320,000
2498,000;314,000
2499,000;322,000
2500,000;268,000
2501,000;176,000
2502,000;186,000
2503,000;202,000
2504,000;232,000
2505,000;292,000
2506,000;324,000
2507,000;314,000
2508,000;230,000
2509,000;216,000
2510,000;224,000
2511,000;264,000
2512,000;266,000
2513,000;236,000
2514,000;236,000
2515,000;166,000
2516,000;194,000
2517,000;152,000
2518,000;348,000
2519,000;324,000
2520,000;386,000
2521,000;360,000
2522,000;262,000
2523,000;194,000
2524,000;178,000
2525,000;200,000
2526,000;236,000
2527,000;276,000
2528,000;286,000
2529,000;256,000
2530,000;296,000
2531,000;360,000
2532,000;342,000
2533,000;282,000
2534,000;180,000
2535,000;164,000
2536,000;168,000
2537,000;278,000
2538,000;304,000
2539,000;310,000
2540,000;286,000
2541,000;224,000
2542,000;222,000
2543,000;264,000
2544,000;418,000
2545,000;280,000
2546,000;332,000
2547,000;130,000
2548,000;120,000
2549,000;224,000
2550,000;334,000
2551,000;442,000
2552,000;398,000
2553,000;332,000
2554,000;224,000
2555,000;216,000
2556,000;176,000
2557,000;294,000
2558,000;318,000
2559,000;238,000
2560,000;220,000
2561,000;228,000
2562,000;238,000
2563,000;346,000
2564,000;286,000
2565,000;380,000
2566,000;252,000
2567,000;242,000
2568,000;250,000
2569,000;230,000
2570,000;256,000
2571,000;270,000
2572,000;136,000
2573,000;174,000
2574,000;188,000
2575,000;228,000
2576,000;258,000
2577,000;326,000
2578,000;314,000
2579,000;170,000
2580,000;134,000
2581,000;128,000
2582,000;208,000
2583,000;378,000
2584,000;392,000
2585,000;384,000
2586,000;180,000
2587,000;172,000
2588,000;160,000
2589,000;268,000
2590,000;316,000
2591,000;356,000
2592,000;250,000
2593,000;218,000
2594,000;220,000
2595,000;280,000
2596,000;300,000
2597,000;326,000
2598,000;238,000
2599,000;164,000
2600,000;182,000
2601,000;256,000
2602,000;330,000
2603,000;380,000
2604,000;352,000
2605,000;230,000
2606,000;240,000
2607,000;276,000
2608,000;320,000
2609,000;322,000
2610,000;312,000
2611,000;230,000
2612,000;114,000
2613,000;178,000
2614,000;196,000
2615,000;356,000
2616,000;410,000
2617,000;370,000
2618,000;326,000
2619,000;136,000
2620,000;178,000
2621,000;198,000
2622,000;276,000
2623,000;352,000
2624,000;266,000
2625,000;220,000
2626,000;222,000
2627,000;258,000
2628,000;338,000
2629,000;400,000
2630,000;278,000
2631,000;170,000
2632,000;148,000
2633,000;150,000
2634,000;248,000
2635,000;270,000
2636,000;270,000
2637,000;296,000
2638,000;192,000
2639,000;282,000
2640,000;282,000
2641,000;276,000
2642,000;316,000
2643,000;154,000
2644,000;128,000
2645,000;172,000
2646,000;188,000
2647,000;344,000
2648,000;386,000
2649,000;442,000
2650,000;308,000
2651,000;194,000
2652,000;170,000
2653,000;222,000
2654,000;298,000
2655,000;282,000
2656,000;304,000
2657,000;246,000
2658,000;222,000
2659,000;250,000
2660,000;320,000
2661,000;336,000
2662,000;264,000
2663,000;248,000
2664,000;188,000
2665,000;238,000
2666,000;254,000
2667,000;290,000
2668,000;246,000
2669,000;330,000
2670,000;182,000
2671,000;240,000
2672,000;242,000
2673,000;268,000
2674,000;356,000
2675,000;254,000
2676,000;226,000
2677,000;128,000
2678,000;198,000
2679,000;312,000
2680,000;392,000
2681,000;422,000
2682,000;252,000
2683,000;194,000
2684,000;150,000
2685,000;208,000
2686,000;362,000
2687,000;338,000
2688,000;294,000
2689,000;268,000
2690,000;232,000
2691,000;334,000
2692,000;270,000
2693,000;284,000
2694,000;256,000
2695,000;242,000
2696,000;174,000
2697,000;192,000
2698,000;224,000
2699,000;290,000
2700,000;260,000
2701,000;300,000
2702,000;266,000
2703,000;234,000
2704,000;236,000
2705,000;228,000
2706,000;250,000
2707,000;240,000
2708,000;208,000
2709,000;144,000
2710,000;202,000
2711,000;326,000
2712,000;442,000
2713,000;384,000
2714,000;310,000
2715,000;162,000
2716,000;130,000
2717,000;168,000
2718,000;274,000
2719,000;348,000
2720,000;326,000
2721,000;238,000
2722,000;242,000
2723,000;244,000
2724,000;386,000
2725,000;292,000
2726,000;328,000
2727,000;246,000
2728,000;284,000
2729,000;156,000
2730,000;206,000
2731,000;250,000
2732,000;232,000
2733,000;336,000
2734,000;212,000
2735,000;288,000
2736,000;284,000
2737,000;176,000
2738,000;260,000
2739,000;214,000
2740,000;246,000
2741,000;196,000
2742,000;234,000
2743,000;274,000
2744,000;326,000
2745,000;332,000
2746,000;316,000
2747,000;238,000
2748,000;150,000
2749,000;212,000
2750,000;256,000
2751,000;292,000
2752,000;346,000
2753,000;334,000
2754,000;308,000
2755,000;230,000
2756,000;252,000
2757,000;202,000
2758,000;282,000
2759,000;152,000
2760,000;214,000
2761,000;208,000
2762,000;178,000
2763,000;274,000
2764,000;208,000
2765,000;256,000
2766,000;304,000
2767,000;240,000
2768,000;254,000
2769,000;164,000
2770,000;276,000
2771,000;210,000
2772,000;194,000
2773,000;264,000
2774,000;242,000
2775,000;288,000
2776,000;302,000
2777,000;280,000
2778,000;290,000
2779,000;234,000
2780,000;192,000
2781,000;192,000
2782,000;216,000
2783,000;274,000
2784,000;304,000
2785,000;320,000
2786,000;256,000
2787,000;264,000
2788,000;242,000
2789,000;270,000
2790,000;244,000
2791,000;366,000
2792,000;198,000
2793,000;364,000
2794,000;222,000
2795,000;256,000
2796,000;212,000
2797,000;254,000
2798,000;302,000
2799,000;260,000
2800,000;258,000
2801,000;254,000
2802,000;192,000
2803,000;262,000
2804,000;206,000
2805,000;226,000
2806,000;244,000
2807,000;346,000
2808,000;300,000
2809,000;316,000
2810,000;286,000
2811,000;216,000
2812,000;248,000
2813,000;276,000
2814,000;260,000
2815,000;278,000
2816,000;360,000
2817,000;272,000
2818,000;364,000
2819,000;328,000
2820,000;222,000
2821,000;212,000
2822,000;124,000
2823,000;128,000
2824,000;254,000
2825,000;212,000
2826,000;308,000
2827,000;174,000
2828,000;238,000
2829,000;172,000
2830,000;250,000
2831,000;306,000
2832,000;278,000
2833,000;296,000
2834,000;232,000
2835,000;180,000
2836,000;170,000
2837,000;196,000
2838,000;288,000
2839,000;234,000
2840,000;422,000
2841,000;314,000
2842,000;356,000
2843,000;272,000
2844,000;192,000
2845,000;280,000
2846,000;216,000
2847,000;268,000
2848,000;256,000
2849,000;290,000
2850,000;258,000
2851,000;366,000
2852,000;244,000
2853,000;352,000
2854,000;106,000
2855,000;270,000
2856,000;220,000
2857,000;278,000
2858,000;342,000
2859,000;234,000
2860,000;236,000
2861,000;262,000
2862,000;260,000
2863,000;326,000
2864,000;338,000
2865,000;284,000
2866,000;142,000
2867,000;160,000
2868,000;182,000
2869,000;260,000
2870,000;342,000
2871,000;326,000
2872,000;298,000
2873,000;314,000
2874,000;228,000
2875,000;306,000
2876,000;218,000
2877,000;280,000
2878,000;252,000
2879,000;258,000
2880,000;226,000
2881,000;304,000
2882,000;356,000
2883,000;350,000
2884,000;290,000
2885,000;244,000
2886,000;136,000
2887,000;154,000
2888,000;234,000
2889,000;308,000
2890,000;332,000
2891,000;244,000
2892,000;266,000
2893,000;160,000
2894,000;276,000
2895,000;250,000
2896,000;390,000
2897,000;324,000
2898,000;222,000
2899,000;200,000
2900,000;70,000
2901,000;182,000
2902,000;234,000
2903,000;426,000
2904,000;406,000
2905,000;376,000
2906,000;242,000
2907,000;144,000
2908,000;192,000
2909,000;234,000
2910,000;254,000
2911,000;308,000
2912,000;292,000
2913,000;280,000
2914,000;316,000
2915,000;384,000
2916,000;268,000
2917,000;264,000
2918,000;180,000
2919,000;186,000
2920,000;258,000
2921,000;214,000
2922,000;390,000
2923,000;370,000
2924,000;292,000
2925,000;252,000
2926,000;262,000
2927,000;266,000
2928,000;300,000
2929,000;272,000
2930,000;280,000
2931,000;152,000
2932,000;164,000
2933,000;90,000
2934,000;314,000
2935,000;392,000
2936,000;422,000
2937,000;322,000
2938,000;242,000
2939,000;188,000
2940,000;138,000
2941,000;254,000
2942,000;308,000
2943,000;316,000
2944,000;194,000
2945,000;262,000
2946,000;236,000
2947,000;312,000
2948,000;302,000
2949,000;306,000
2950,000;220,000
2951,000;202,000
2952,000;192,000
2953,000;264,000
2954,000;244,000
2955,000;266,000
2956,000;222,000
2957,000;172,000
2958,000;196,000
2959,000;264,000
2960,000;214,000
2961,000;350,000
2962,000;288,000
2963,000;248,000
2964,000;112,000
2965,000;132,000
2966,000;202,000
2967,000;320,000
2968,000;420,000
2969,000;402,000
2970,000;282,000
2971,000;184,000
2972,000;182,000
2973,000;210,000
2974,000;342,000
2975,000;310,000
2976,000;358,000
2977,000;228,000
2978,000;298,000
2979,000;186,000
2980,000;334,000
2981,000;342,000
2982,000;268,000
2983,000;214,000
2984,000;168,000
2985,000;220,000
2986,000;196,000
2987,000;318,000
2988,000;224,000
2989,000;282,000
2990,000;278,000
2991,000;262,000
2992,000;306,000
2993,000;270,000
2994,000;300,000
2995,000;162,000
2996,000;184,000
2997,000;94,000
2998,000;260,000
2999,000;362,000
3000,000;404,000
3001,000;368,000
3002,000;302,000
3003,000;238,000
3004,000;172,000
3005,000;228,000
3006,000;266,000
3007,000;266,000
3008,000;244,000
3009,000;230,000
3010,000;250,000
3011,000;336,000
3012,000;284,000
3013,000;314,000
3014,000;276,000
3015,000;236,000
3016,000;88,000
3017,000;172,000
3018,000;252,000
3019,000;318,000
3020,000;330,000
3021,000;296,000
3022,000;228,000
3023,000;262,000
3024,000;284,000
3025,000;284,000
3026,000;302,000
3027,000;200,000
3028,000;132,000
3029,000;104,000
3030,000;226,000
3031,000;326,000
3032,000;422,000
3033,000;400,000
3034,000;318,000
3035,000;192,000
3036,000;206,000
3037,000;182,000
3038,000;354,000
3039,000;256,000
3040,000;416,000
3041,000;304,000
3042,000;294,000
3043,000;336,000
3044,000;224,000
3045,000;292,000
3046,000;218,000
3047,000;254,000
3048,000;368,000
3049,000;154,000
3050,000;248,000
3051,000;164,000
3052,000;242,000
3053,000;232,000
3054,000;332,000
3055,000;226,000
3056,000;256,000
3057,000;236,000
3058,000;282,000
3059,000;274,000
3060,000;190,000
3061,000;96,000
3062,000;190,000
3063,000;290,000
3064,000;416,000
3065,000;454,000
3066,000;298,000
3067,000;256,000
3068,000;136,000
3069,000;188,000
3070,000;338,000
3071,000;312,000
3072,000;324,000
3073,000;254,000
3074,000;288,000
3075,000;264,000
3076,000;286,000
3077,000;318,000
3078,000;264,000
3079,000;256,000
3080,000;238,000
3081,000;250,000
3082,000;292,000
3083,000;296,000
3084,000;256,000
3085,000;248,000
3086,000;298,000
3087,000;230,000
3088,000;224,000
3089,000;206,000
3090,000;246,000
3091,000;250,000
3092,000;262,000
3093,000;236,000
3094,000;162,000
3095,000;268,000
3096,000;358,000
3097,000;392,000
3098,000;342,000
3099,000;246,000
3100,000;130,000
3101,000;132,000
3102,000;250,000
3103,000;258,000
3104,000;338,000
3105,000;356,000
3106,000;254,000
3107,000;258,000
3108,000;228,000
3109,000;254,000
3110,000;210,000
3111,000;250,000
3112,000;224,000
3113,000;250,000
3114,000;182,000
3115,000;316,000
3116,000;210,000
3117,000;360,000
3118,000;304,000
3119,000;274,000
3120,000;256,000
3121,000;188,000
3122,000;228,000
3123,000;232,000
3124,000;238,000
3125,000;260,000
3126,000;336,000
3127,000;296,000
3128,000;282,000
3129,000;308,000
3130,000;332,000
3131,000;292,000
3132,000;278,000
3133,000;210,000
3134,000;324,000
3135,000;260,000
3136,000;274,000
3137,000;352,000
3138,000;310,000
3139,000;304,000
3140,000;284,000
3141,000;194,000
3142,000;262,000
3143,000;220,000
3144,000;308,000
3145,000;258,000
3146,000;222,000
3147,000;200,000
3148,000;164,000
3149,000;236,000
3150,000;264,000
3151,000;290,000
3152,000;258,000
3153,000;240,000
3154,000;266,000
3155,000;206,000
3156,000;186,000
3157,000;208,000
3158,000;202,000
3159,000;326,000
3160,000;314,000
3161,000;380,000
3162,000;264,000
3163,000;298,000
3164,000;268,000
3165,000;414,000
3166,000;238,000
3167,000;296,000
3168,000;268,000
3169,000;304,000
3170,000;296,000
3171,000;274,000
3172,000;268,000
3173,000;196,000
3174,000;236,000
3175,000;162,000
3176,000;278,000
3177,000;288,000
3178,000;262,000
3179,000;230,000
3180,000;242,000
3181,000;280,000
3182,000;300,000
3183,000;300,000
3184,000;248,000
3185,000;220,000
3186,000;220,000
3187,000;216,000
3188,000;174,000
3189,000;202,000
3190,000;268,000
3191,000;296,000
3192,000;370,000
3193,000;236,000
3194,000;388,000
3195,000;248,000
3196,000;238,000
3197,000;244,000
3198,000;208,000
3199,000;322,000
3200,000;218,000
3201,000;240,000
3202,000;240,000
3203,000;308,000
3204,000;318,000
3205,000;254,000
3206,000;184,000
3207,000;256,000
3208,000;248,000
3209,000;308,000
3210,000;276,000
3211,000;226,000
3212,000;148,000
3213,000;204,000
3214,000;312,000
3215,000;360,000
3216,000;380,000
3217,000;292,000
3218,000;214,000
3219,000;200,000
3220,000;60,000
3221,000;206,000
3222,000;254,000
3223,000;392,000
3224,000;330,000
3225,000;394,000
3226,000;236,000
3227,000;384,000
3228,000;58,000
3229,000;334,000
3230,000;128,000
3231,000;294,000
3232,000;192,000
3233,000;326,000
3234,000;308,000
3235,000;328,000
3236,000;256,000
3237,000;232,000
3238,000;236,000
3239,000;162,000
3240,000;238,000
3241,000;208,000
3242,000;274,000
3243,000;250,000
3244,000;256,000
3245,000;248,000
3246,000;354,000
3247,000;250,000
3248,000;332,000
3249,000;264,000
3250,000;142,000
3251,000;228,000
3252,000;168,000
3253,000;192,000
3254,000;248,000
3255,000;324,000
3256,000;330,000
3257,000;282,000
3258,000;220,000
3259,000;202,000
3260,000;206,000
3261,000;264,000
3262,000;292,000
3263,000;246,000
3264,000;272,000
3265,000;220,000
3266,000;274,000
3267,000;236,000
3268,000;276,000
3269,000;192,000
3270,000;202,000
3271,000;180,000
3272,000;272,000
3273,000;314,000
3274,000;344,000
3275,000;308,000
3276,000;206,000
3277,000;194,000
3278,000;212,000
3279,000;302,000
3280,000;306,000
3281,000;332,000
3282,000;262,000
3283,000;282,000
3284,000;120,000
3285,000;144,000
3286,000;226,000
3287,000;364,000
3288,000;430,000
3289,000;400,000
3290,000;118,000
3291,000;216,000
3292,000;44,000
3293,000;240,000
3294,000;218,000
3295,000;346,000
3296,000;308,000
3297,000;230,000
3298,000;212,000
3299,000;224,000
3300,000;312,000
3301,000;234,000
3302,000;166,000
3303,000;146,000
3304,000;168,000
3305,000;242,000
3306,000;290,000
3307,000;272,000
3308,000;288,000
3309,000;154,000
3310,000;318,000
3311,000;274,000
3312,000;320,000
3313,000;324,000
3314,000;276,000
3315,000;194,000
3316,000;136,000
3317,000;204,000
3318,000;258,000
3319,000;430,000
3320,000;388,000
3321,000;450,000
3322,000;234,000
3323,000;200,000
3324,000;134,000
3325,000;230,000
3326,000;262,000
3327,000;326,000
3328,000;210,000
3329,000;254,000
3330,000;212,000
3331,000;322,000
3332,000;318,000
3333,000;320,000
3334,000;232,000
3335,000;190,000
3336,000;158,000
3337,000;226,000
3338,000;272,000
3339,000;256,000
3340,000;232,000
3341,000;206,000
3342,000;298,000
3343,000;254,000
3344,000;340,000
3345,000;318,000
3346,000;280,000
3347,000;276,000
3348,000;128,000
3349,000;104,000
3350,000;272,000
3351,000;194,000
3352,000;570,000
3353,000;260,000
3354,000;464,000
3355,000;102,000
3356,000;216,000
3357,000;120,000
3358,000;314,000
3359,000;360,000
3360,000;392,000
3361,000;258,000
3362,000;186,000
3363,000;240,000
3364,000;272,000
3365,000;318,000
3366,000;314,000
3367,000;214,000
3368,000;178,000
3369,000;212,000
3370,000;230,000
3371,000;278,000
3372,000;320,000
3373,000;242,000
3374,000;234,000
3375,000;250,000
3376,000;272,000
3377,000;318,000
3378,000;278,000
3379,000;196,000
3380,000;168,000
3381,000;138,000
3382,000;256,000
3383,000;300,000
3384,000;374,000
3385,000;338,000
3386,000;304,000
3387,000;256,000
3388,000;200,000
3389,000;256,000
3390,000;308,000
3391,000;344,000
3392,000;296,000
3393,000;276,000
3394,000;286,000
3395,000;256,000
3396,000;288,000
3397,000;242,000
3398,000;320,000
3399,000;244,000
3400,000;206,000
3401,000;158,000
3402,000;236,000
3403,000;254,000
3404,000;306,000
3405,000;324,000
3406,000;324,000
3407,000;210,000
3408,000;248,000
3409,000;256,000
3410,000;256,000
3411,000;230,000
3412,000;212,000
3413,000;10,000
3414,000;280,000
3415,000;180,000
3416,000;496,000
3417,000;386,000
3418,000;410,000
3419,000;256,000
3420,000;144,000
3421,000;194,000
3422,000;258,000
3423,000;284,000
3424,000;300,000
3425,000;210,000
3426,000;232,000
3427,000;262,000
3428,000;260,000
3429,000;372,000
3430,000;282,000
3431,000;272,000
3432,000;174,000
3433,000;238,000
3434,000;198,000
3435,000;250,000
3436,000;224,000
3437,000;272,000
3438,000;320,000
3439,000;242,000
3440,000;236,000
3441,000;232,000
3442,000;254,000
3443,000;274,000
3444,000;260,000
3445,000;180,000
3446,000;158,000
3447,000;262,000
3448,000;320,000
3449,000;382,000
3450,000;326,000
3451,000;280,000
3452,000;144,000
3453,000;128,000
3454,000;240,000
3455,000;292,000
3456,000;298,000
3457,000;246,000
3458,000;190,000
3459,000;216,000
3460,000;256,000
3461,000;288,000
3462,000;274,000
3463,000;256,000
3464,000;176,000
3465,000;202,000
3466,000;244,000
3467,000;292,000
3468,000;314,000
3469,000;306,000
3470,000;300,000
3471,000;238,000
3472,000;218,000
3473,000;228,000
3474,000;216,000
3475,000;222,000
3476,000;342,000
3477,000;142,000
3478,000;348,000
3479,000;210,000
3480,000;400,000
3481,000;244,000
3482,000;314,000
3483,000;208,000
3484,000;112,000
3485,000;82,000
3486,000;166,000
3487,000;276,000
3488,000;326,000
3489,000;320,000
3490,000;256,000
3491,000;240,000
3492,000;194,000
3493,000;212,000
3494,000;216,000
3495,000;278,000
3496,000;256,000
3497,000;272,000
3498,000;224,000
3499,000;244,000
3500,000;304,000
3501,000;312,000
3502,000;306,000
3503,000;296,000
3504,000;226,000
3505,000;186,000
3506,000;316,000
3507,000;214,000
3508,000;186,000
3509,000;190,000
3510,000;216,000
3511,000;304,000
3512,000;298,000
3513,000;342,000
3514,000;316,000
3515,000;282,000
3516,000;228,000
3517,000;236,000
3518,000;310,000
3519,000;274,000
3520,000;254,000
3521,000;316,000
3522,000;260,000
3523,000;250,000
3524,000;214,000
3525,000;188,000
3526,000;192,000
3527,000;254,000
3528,000;216,000
3529,000;304,000
3530,000;224,000
3531,000;238,000
3532,000;116,000
3533,000;316,000
3534,000;250,000
3535,000;302,000
3536,000;292,000
3537,000;242,000
3538,000;250,000
3539,000;404,000
3540,000;140,000
3541,000;254,000
3542,000;192,000
3543,000;326,000
3544,000;298,000
3545,000;396,000
3546,000;396,000
3547,000;372,000
3548,000;226,000
3549,000;226,000
3550,000;222,000
3551,000;190,000
3552,000;280,000
3553,000;258,000
3554,000;270,000
3555,000;326,000
3556,000;312,000
3557,000;288,000
3558,000;240,000
3559,000;218,000
3560,000;196,000
3561,000;290,000
3562,000;238,000
3563,000;234,000
3564,000;198,000
3565,000;158,000
3566,000;262,000
3567,000;226,000
3568,000;310,000
3569,000;266,000
3570,000;270,000
3571,000;172,000
3572,000;134,000
3573,000;166,000
3574,000;284,000
3575,000;312,000
3576,000;356,000
3577,000;306,000
3578,000;334,000
3579,000;244,000
3580,000;284,000
3581,000;204,000
3582,000;266,000
3583,000;316,000
3584,000;176,000
3585,000;298,000
3586,000;242,000
3587,000;340,000
3588,000;334,000
3589,000;288,000
3590,000;280,000
3591,000;196,000
3592,000;216,000
3593,000;224,000
3594,000;316,000
3595,000;278,000
3596,000;210,000
3597,000;180,000
3598,000;272,000
3599,000;326,000
3600,000;218,000
3601,000;372,000
3602,000;58,000
3603,000;254,000
3604,000;18,000
3605,000;192,000
3606,000;248,000
3607,000;384,000
3608,000;354,000
3609,000;272,000
3610,000;292,000
3611,000;162,000
3612,000;228,000
3613,000;278,000
3614,000;286,000
3615,000;226,000
3616,000;180,000
3617,000;246,000
3618,000;258,000
3619,000;282,000
3620,000;322,000
3621,000;212,000
3622,000;294,000
3623,000;108,000
3624,000;272,000
3625,000;314,000
3626,000;274,000
3627,000;304,000
3628,000;226,000
3629,000;206,000
3630,000;222,000
3631,000;286,000
3632,000;282,000
3633,000;326,000
3634,000;274,000
3635,000;198,000
3636,000;140,000
3637,000;222,000
3638,000;170,000
3639,000;372,000
3640,000;402,000
3641,000;362,000
3642,000;262,000
3643,000;160,000
3644,000;142,000
3645,000;202,000
3646,000;340,000
3647,000;362,000
3648,000;306,000
3649,000;218,000
3650,000;246,000
3651,000;262,000
3652,000;314,000
3653,000;288,000
3654,000;194,000
3655,000;190,000
3656,000;192,000
3657,000;268,000
3658,000;380,000
3659,000;318,000
3660,000;262,000
3661,000;248,000
3662,000;230,000
3663,000;254,000
3664,000;364,000
3665,000;326,000
3666,000;216,000
3667,000;246,000
3668,000;58,000
3669,000;170,000
3670,000;214,000
3671,000;402,000
3672,000;442,000
3673,000;438,000
3674,000;286,000
3675,000;200,000
3676,000;164,000
3677,000;218,000
3678,000;258,000
3679,000;324,000
3680,000;308,000
3681,000;202,000
3682,000;190,000
3683,000;278,000
3684,000;302,000
3685,000;292,000
3686,000;244,000
3687,000;122,000
3688,000;158,000
3689,000;196,000
3690,000;270,000
3691,000;272,000
3692,000;326,000
3693,000;168,000
3694,000;298,000
3695,000;290,000
3696,000;304,000
3697,000;360,000
3698,000;252,000
3699,000;248,000
3700,000;54,000
3701,000;242,000
3702,000;256,000
3703,000;384,000
3704,000;438,000
3705,000;368,000
3706,000;316,000
3707,000;170,000
3708,000;186,000
3709,000;172,000
3710,000;370,000
3711,000;318,000
3712,000;346,000
3713,000;244,000
3714,000;266,000
3715,000;186,000
3716,000;322,000
3717,000;300,000
3718,000;280,000
3719,000;176,000
3720,000;168,000
3721,000;120,000
3722,000;206,000
3723,000;292,000
3724,000;252,000
3725,000;182,000
3726,000;320,000
3727,000;16,000
3728,000;364,000
3729,000;206,000
3730,000;372,000
3731,000;244,000
3732,000;192,000
3733,000;118,000
3734,000;108,000
3735,000;232,000
3736,000;370,000
3737,000;428,000
3738,000;412,000
3739,000;190,000
3740,000;114,000
3741,000;236,000
3742,000;246,000
3743,000;330,000
3744,000;320,000
3745,000;274,000
3746,000;222,000
3747,000;268,000
3748,000;266,000
3749,000;354,000
3750,000;308,000
3751,000;210,000
3752,000;114,000
3753,000;132,000
3754,000;140,000
3755,000;256,000
3756,000;308,000
3757,000;300,000
3758,000;270,000
3759,000;228,000
3760,000;280,000
3761,000;258,000
3762,000;286,000
3763,000;214,000
3764,000;186,000
3765,000;124,000
3766,000;160,000
3767,000;234,000
3768,000;328,000
3769,000;398,000
3770,000;354,000
3771,000;320,000
3772,000;216,000
3773,000;214,000
3774,000;268,000
3775,000;288,000
3776,000;236,000
3777,000;208,000
3778,000;238,000
3779,000;218,000
3780,000;294,000
3781,000;320,000
3782,000;290,000
3783,000;276,000
3784,000;212,000
3785,000;238,000
3786,000;208,000
3787,000;198,000
3788,000;250,000
3789,000;218,000
3790,000;302,000
3791,000;230,000
3792,000;212,000
3793,000;276,000
3794,000;266,000
3795,000;294,000
3796,000;140,000
3797,000;74,000
3798,000;128,000
3799,000;236,000
3800,000;364,000
3801,000;434,000
3802,000;418,000
3803,000;228,000
3804,000;128,000
3805,000;162,000
3806,000;240,000
3807,000;308,000
3808,000;344,000
3809,000;278,000
3810,000;260,000
3811,000;236,000
3812,000;238,000
3813,000;224,000
3814,000;292,000
3815,000;220,000
3816,000;214,000
3817,000;250,000
3818,000;240,000
3819,000;178,000
3820,000;322,000
3821,000;268,000
3822,000;294,000
3823,000;250,000
3824,000;284,000
3825,000;248,000
3826,000;234,000
3827,000;220,000
3828,000;178,000
3829,000;214,000
3830,000;196,000
3831,000;198,000
3832,000;354,000
3833,000;350,000
3834,000;344,000
3835,000;318,000
3836,000;256,000
3837,000;162,000
3838,000;242,000
3839,000;256,000
3840,000;322,000
3841,000;292,000
3842,000;304,000
3843,000;248,000
3844,000;196,000
3845,000;236,000
3846,000;214,000
3847,000;262,000
3848,000;276,000
3849,000;286,000
3850,000;202,000
3851,000;390,000
3852,000;188,000
3853,000;306,000
3854,000;272,000
3855,000;208,000
3856,000;266,000
3857,000;212,000
3858,000;372,000
3859,000;278,000
3860,000;302,000
3861,000;228,000
3862,000;230,000
3863,000;322,000
3864,000;352,000
3865,000;360,000
3866,000;338,000
3867,000;250,000
3868,000;228,000
3869,000;128,000
3870,000;238,000
3871,000;228,000
3872,000;308,000
3873,000;310,000
3874,000;258,000
3875,000;294,000
3876,000;200,000
3877,000;156,000
3878,000;142,000
3879,000;170,000
3880,000;198,000
3881,000;276,000
3882,000;198,000
3883,000;196,000
3884,000;268,000
3885,000;292,000
3886,000;278,000
3887,000;350,000
3888,000;290,000
3889,000;248,000
3890,000;252,000
3891,000;194,000
3892,000;248,000
3893,000;240,000
3894,000;306,000
3895,000;294,000
3896,000;324,000
3897,000;376,000
3898,000;282,000
3899,000;294,000
3900,000;220,000
3901,000;202,000
3902,000;236,000
3903,000;212,000
3904,000;258,000
3905,000;258,000
3906,000;330,000
3907,000;352,000
3908,000;274,000
3909,000;226,000
3910,000;144,000
3911,000;218,000
3912,000;160,000
3913,000;316,000
3914,000;102,000
3915,000;288,000
3916,000;110,000
3917,000;236,000
3918,000;228,000
3919,000;342,000
3920,000;332,000
3921,000;284,000
3922,000;190,000
3923,000;150,000
3924,000;158,000
3925,000;140,000
3926,000;232,000
3927,000;310,000
3928,000;334,000
3929,000;372,000
3930,000;328,000
3931,000;258,000
3932,000;194,000
3933,000;238,000
3934,000;308,000
3935,000;246,000
3936,000;358,000
3937,000;202,000
3938,000;222,000
3939,000;128,000
3940,000;228,000
3941,000;202,000
3942,000;160,000
3943,000;240,000
3944,000;266,000
3945,000;314,000
3946,000;336,000
3947,000;326,000
3948,000;248,000
3949,000;196,000
3950,000;186,000
3951,000;288,000
3952,000;268,000
3953,000;278,000
3954,000;218,000
3955,000;178,000
3956,000;180,000
3957,000;186,000
3958,000;248,000
3959,000;300,000
3960,000;354,000
3961,000;288,000
3962,000;256,000
3963,000;228,000
3964,000;232,000
3965,000;224,000
3966,000;278,000
3967,000;252,000
3968,000;198,000
3969,000;284,000
3970,000;308,000
3971,000;294,000
3972,000;294,000
3973,000;228,000
3974,000;318,000
3975,000;194,000
3976,000;268,000
3977,000;304,000
3978,000;254,000
3979,000;372,000
3980,000;248,000
3981,000;226,000
3982,000;252,000
3983,000;172,000
3984,000;198,000
3985,000;288,000
3986,000;230,000
3987,000;174,000
3988,000;168,000
3989,000;132,000
3990,000;240,000
3991,000;370,000
3992,000;396,000
3993,000;392,000
3994,000;256,000
3995,000;170,000
3996,000;102,000
3997,000;208,000
3998,000;288,000
3999,000;250,000
4000,000;286,000
4001,000;302,000
4002,000;264,000
4003,000;310,000
4004,000;332,000
4005,000;280,000
4006,000;226,000
4007,000;132,000
4008,000;212,000
4009,000;250,000
4010,000;282,000
4011,000;264,000
4012,000;222,000
4013,000;334,000
4014,000;244,000
4015,000;358,000
4016,000;302,000
4017,000;320,000
4018,000;292,000
4019,000;226,000
4020,000;230,000
4021,000;164,000
4022,000;246,000
4023,000;232,000
4024,000;424,000
4025,000;320,000
4026,000;298,000
4027,000;134,000
4028,000;198,000
4029,000;204,000
4030,000;290,000
4031,000;356,000
4032,000;292,000
4033,000;238,000
4034,000;192,000
4035,000;286,000
4036,000;302,000
4037,000;244,000
4038,000;326,000
4039,000;110,000
4040,000;184,000
4041,000;232,000
4042,000;264,000
4043,000;392,000
4044,000;192,000
4045,000;240,000
4046,000;240,000
4047,000;226,000
4048,000;316,000
4049,000;272,000
4050,000;258,000
4051,000;194,000
4052,000;144,000
4053,000;176,000
4054,000;218,000
4055,000;368,000
4056,000;468,000
4057,000;442,000
4058,000;250,000
4059,000;162,000
4060,000;128,000
4061,000;148,000
4062,000;298,000
4063,000;328,000
4064,000;252,000
4065,000;250,000
4066,000;140,000
4067,000;220,000
4068,000;322,000
4069,000;336,000
4070,000;308,000
4071,000;182,000
4072,000;116,000
4073,000;172,000
4074,000;210,000
4075,000;302,000
4076,000;372,000
4077,000;280,000
4078,000;208,000
4079,000;212,000
4080,000;274,000
4081,000;300,000
4082,000;288,000
4083,000;250,000
4084,000;132,000
4085,000;160,000
4086,000;182,000
4087,000;374,000
4088,000;428,000
4089,000;368,000
4090,000;288,000
4091,000;156,000
4092,000;158,000
4093,000;190,000
4094,000;318,000
4095,000;384,000
